from,to,PIDA,OSBP
1,2,No,No
2,3,No,No
2,4,No,No
2,5,No,No
6,7,No,No
7,8,Yes,No
7,9,No,No
3,4,No,No
3,10,No,No
11,12,No,No
11,13,No,No
11,14,No,No
15,16,No,No
4,5,No,No
4,17,No,No
5,13,No,No
5,17,No,No
10,15,No,No
10,17,No,No
10,16,No,No
12,14,No,No
12,18,No,No
13,19,No,No
13,14,No,No
13,20,No,No
8,21,No,No
9,22,No,No
17,19,No,No
8,16,No,No
16,23,No,No
16,24,No,No
9,25,No,No
19,20,No,No
14,26,No,No
18,27,No,No
20,28,No,No
27,29,No,No
26,27,No,No
29,30,No,No
29,31,No,No
30,32,No,No
30,33,No,No
30,34,No,No
21,23,No,No
23,24,No,No
26,35,No,No
26,36,No,No
21,37,No,No
24,38,No,No
35,36,No,No
28,35,No,No
39,40,No,No
31,36,No,No
28,38,No,No
28,41,No,No
32,40,No,No
32,42,No,No
40,43,No,No
40,44,No,No
31,34,No,No
31,41,No,No
44,45,No,No
25,46,No,No
25,47,No,Yes
33,34,No,No
33,42,No,No
33,48,No,No
34,48,No,No
42,43,No,No
43,49,No,No
44,50,No,No
44,51,No,No
41,48,No,No
48,49,No,No
48,52,No,No
38,53,No,Yes
41,54,No,No
49,55,No,No
49,56,No,No
53,54,No,No
52,54,No,No
50,57,No,No
50,58,No,No
46,47,No,No
46,59,No,No
51,55,No,No
55,60,No,No
53,61,No,No
37,62,No,No
57,58,No,No
57,63,No,No
51,58,No,No
58,64,No,No
47,65,No,No
51,66,No,No
52,67,No,No
63,68,No,No
64,66,No,No
60,66,No,No
61,69,No,No
61,70,No,No
64,71,No,No
60,64,No,No
60,71,No,No
56,60,No,No
65,72,No,No
72,73,No,No
62,69,No,No
62,74,No,No
73,75,No,No
67,76,No,No
69,77,No,No
70,76,No,No
70,77,No,No
68,78,No,No
68,79,No,No
71,78,No,No
71,80,No,No
67,81,No,No
56,82,No,No
56,80,No,No
56,83,No,No
75,84,No,No
84,85,No,No
84,86,No,No
84,87,No,No
77,81,No,No
81,82,No,No
75,88,No,No
78,79,No,No
78,89,No,No
85,86,No,No
85,90,No,No
86,87,No,No
86,91,No,No
87,88,No,No
79,92,No,No
88,91,No,No
88,93,No,No
81,83,No,No
81,94,Yes,No
90,91,No,No
91,93,No,No
89,92,No,No
80,89,No,No
92,95,No,No
90,96,No,No
90,97,No,No
80,83,No,No
80,98,No,No
83,99,No,No
93,100,No,No
95,101,No,No
101,102,No,No
101,103,No,No
96,104,No,No
105,106,No,No
105,107,No,No
102,106,No,No
106,108,No,No
102,103,No,No
102,108,No,No
97,100,No,No
97,110,No,No
98,111,No,No
98,112,No,No
103,113,No,No
100,110,No,No
74,94,No,No
94,114,Yes,No
108,115,No,No
108,116,No,No
109,117,No,No
104,109,No,No
109,118,No,No
109,119,No,No
117,119,No,No
114,120,No,No
114,121,Yes,No
99,111,No,No
111,122,No,No
104,110,No,No
110,118,No,No
99,120,No,No
112,123,No,No
112,124,No,No
104,118,No,No
120,125,No,No
120,126,No,No
123,124,No,No
123,128,No,No
113,115,No,No
113,128,No,No
122,124,No,No
124,129,No,No
122,130,No,No
115,116,No,No
115,131,No,No
128,132,No,No
118,133,No,No
121,125,No,No
125,126,No,No
121,134,Yes,No
121,135,No,No
127,130,No,No
127,136,No,No
126,136,No,No
126,135,No,No
130,136,No,No
130,137,No,No
107,116,No,No
119,138,No,No
136,139,No,No
136,140,No,No
136,141,No,No
134,143,Yes,No
134,144,No,No
143,144,No,No
143,145,Yes,No
131,132,No,No
131,146,No,No
107,147,Yes,No
142,146,No,No
133,148,No,No
132,149,No,No
133,138,No,No
138,150,No,No
139,140,No,No
135,139,No,No
146,151,No,No
144,152,No,No
140,153,No,No
140,154,No,No
149,151,No,No
151,155,No,No
151,156,No,No
135,152,No,No
135,157,No,No
129,137,No,No
137,141,No,No
149,158,No,No
149,159,No,No
129,160,No,No
129,161,No,No
141,153,No,No
141,162,No,No
147,163,No,Yes
153,162,No,No
147,155,Yes,No
155,163,No,No
155,156,No,No
159,160,No,No
160,164,No,No
150,165,No,No
148,150,No,No
148,165,No,No
158,166,No,No
158,167,No,No
159,164,No,No
159,168,No,No
154,162,No,No
161,162,No,No
156,167,No,No
154,169,No,No
159,166,No,No
166,170,No,No
161,164,No,No
161,171,No,No
161,172,No,No
164,173,No,No
164,174,No,No
167,170,No,No
167,175,No,No
167,176,No,No
167,177,No,No
152,178,No,No
152,179,No,No
157,169,No,No
169,180,No,No
157,178,No,No
157,180,No,No
170,175,No,No
168,170,No,No
171,178,No,No
59,182,No,No
59,183,No,No
168,175,No,No
175,177,No,No
173,184,No,No
171,180,No,No
176,181,No,No
181,185,Yes,No
168,173,No,No
168,184,No,No
168,186,No,No
168,177,No,No
176,177,No,No
184,186,No,No
174,184,No,No
185,187,Yes,No
186,188,No,No
177,187,No,No
177,188,No,No
177,189,No,No
171,190,No,No
171,172,No,No
179,190,No,No
190,191,No,No
187,192,Yes,No
179,191,No,No
179,193,No,No
188,194,No,No
172,195,No,No
174,196,No,No
174,197,No,No
172,196,No,No
196,198,No,No
182,199,No,No
182,200,No,No
201,202,No,No
189,192,No,No
189,203,No,No
191,195,No,No
191,204,No,No
200,202,No,No
202,205,No,No
183,206,No,No
183,207,No,No
199,208,No,No
199,209,No,No
195,210,No,No
195,198,No,No
197,198,No,No
192,211,Yes,No
145,212,No,No
145,213,Yes,No
194,197,No,No
197,214,No,No
197,215,No,No
203,211,No,No
211,216,Yes,No
194,217,No,No
203,218,No,No
200,219,No,No
205,219,No,No
219,220,No,No
206,212,No,No
206,207,No,No
210,214,No,No
210,221,No,No
210,222,No,No
205,220,No,No
205,223,No,No
204,221,No,No
204,224,No,No
214,225,No,No
214,222,No,No
217,218,No,No
216,218,No,No
218,226,No,No
218,227,No,No
217,226,No,No
216,227,Yes,No
212,228,No,No
225,229,No,No
222,225,No,No
221,222,No,No
215,229,No,No
229,230,No,No
222,230,No,No
207,231,No,No
215,232,No,No
226,232,No,No
232,233,No,No
215,233,No,No
215,234,No,No
226,235,No,No
226,236,No,No
227,235,No,No
235,237,No,No
227,238,Yes,Yes
220,239,No,No
208,220,No,No
220,223,No,No
223,239,No,No
223,240,No,No
230,234,No,No
230,241,No,No
193,213,Yes,No
213,242,No,No
193,224,Yes,No
233,234,No,No
233,236,No,No
233,243,No,No
234,244,No,No
234,243,No,No
234,245,No,No
241,244,No,No
241,246,No,No
237,238,No,No
237,247,No,No
239,248,No,No
239,249,No,No
239,250,No,No
238,251,No,No
238,252,Yes,No
236,253,No,No
228,242,No,No
244,246,No,No
244,245,No,No
240,248,No,No
248,254,No,No
247,251,No,No
247,253,No,No
247,255,No,No
246,256,No,No
224,242,No,No
208,249,No,No
224,257,Yes,No
251,252,No,No
243,258,No,No
243,259,No,No
253,258,No,No
253,260,No,No
240,254,No,No
240,261,No,No
240,262,No,No
256,263,No,No
252,264,No,No
252,265,Yes,Yes
254,266,No,No
231,267,Yes,No
231,268,Yes,No
249,269,No,No
249,270,No,No
249,271,No,No
258,259,No,No
255,264,No,No
255,272,No,No
245,259,No,No
259,273,No,No
259,274,No,No
245,275,No,No
245,273,No,No
264,276,No,No
263,275,No,No
275,277,No,No
250,266,Yes,No
262,266,Yes,No
261,262,Yes,No
261,278,Yes,No
269,279,Yes,No
269,280,No,No
269,281,Yes,No
270,279,No,No
270,282,No,No
250,271,Yes,No
250,283,No,No
262,284,No,No
262,285,No,No
263,286,No,No
263,287,No,No
273,277,No,No
273,288,No,No
265,276,No,No
265,289,Yes,No
260,272,No,No
272,290,No,No
278,285,No,No
278,291,No,No
271,282,Yes,No
279,282,Yes,No
279,280,No,No
276,290,No,No
276,289,No,No
209,267,Yes,No
267,292,No,No
274,288,No,No
274,293,No,No
257,286,No,No
257,294,Yes,No
260,295,No,No
260,296,No,No
280,282,No,No
282,283,No,No
290,297,No,No
290,296,No,No
290,298,No,No
277,287,No,No
277,299,No,No
277,300,No,No
286,301,No,No
286,302,No,No
289,297,No,No
288,303,No,No
288,300,No,No
293,295,No,No
293,303,No,No
295,296,No,No
287,299,No,No
287,301,No,No
280,304,No,No
280,305,No,No
294,306,No,No
294,307,Yes,No
297,298,No,No
297,308,No,No
296,309,No,No
209,281,Yes,No
209,292,No,No
299,310,No,No
301,311,No,No
302,306,No,No
302,311,No,No
281,312,No,No
283,284,No,No
284,313,No,No
284,314,No,No
300,303,No,No
298,308,No,No
298,315,No,No
284,285,No,No
285,291,No,No
285,316,No,No
300,317,No,No
308,318,No,No
298,309,No,No
309,319,No,No
291,316,No,No
291,320,No,No
283,313,No,No
283,322,No,No
306,323,No,No
314,316,No,No
316,320,No,No
319,324,No,No
319,321,No,No
310,317,No,No
310,325,No,No
311,323,No,No
323,326,No,No
317,325,No,No
317,327,No,No
313,314,No,No
304,328,No,No
304,305,No,No
312,328,No,No
312,329,No,No
311,325,No,No
311,330,No,No
324,331,No,No
324,332,No,No
321,331,No,No
321,327,No,No
315,324,No,No
315,332,No,No
315,318,No,No
322,333,No,No
322,334,No,No
314,335,No,No
314,336,No,No
328,329,No,No
325,337,No,No
331,338,No,No
332,338,No,No
332,339,No,No
320,340,No,No
318,341,No,No
326,342,No,No
326,343,No,No
327,344,No,No
327,345,No,No
305,333,No,No
305,346,No,No
305,347,No,No
338,339,No,No
338,348,No,No
333,334,No,No
333,346,No,No
334,335,No,No
339,349,No,No
342,343,No,No
342,350,No,No
307,342,No,No
307,350,Yes,No
307,351,No,No
268,351,No,No
292,352,No,No
292,353,No,No
336,340,No,No
340,354,No,No
337,344,No,No
337,355,No,No
335,356,No,No
335,357,No,No
335,358,No,No
346,359,No,No
344,355,No,No
336,357,No,No
336,360,No,No
336,361,No,No
348,362,No,No
348,363,No,No
330,343,No,No
329,352,No,No
341,364,No,No
341,365,No,No
341,366,No,No
341,349,No,No
349,362,No,No
356,358,No,No
357,361,No,No
356,359,No,No
347,359,No,No
359,367,No,No
359,368,No,No
354,360,No,No
354,369,No,No
362,363,No,No
362,370,No,No
364,365,No,No
364,371,No,No
345,363,No,No
363,370,No,No
360,361,No,No
358,372,No,No
347,352,No,No
347,367,No,No
347,373,No,No
361,372,No,No
361,374,No,No
345,375,No,No
345,376,No,No
345,377,No,No
352,378,No,No
355,375,No,No
375,376,No,No
355,379,No,No
372,380,No,No
368,372,No,No
365,381,No,No
367,382,No,No
370,383,No,No
370,384,No,No
366,370,No,No
366,381,No,No
330,385,No,No
369,374,No,No
369,386,No,No
374,380,No,No
380,387,No,No
373,382,No,No
382,388,No,No
350,389,Yes,No
379,385,No,No
379,390,No,No
379,391,No,No
376,392,No,No
376,393,No,No
376,377,No,No
377,392,No,No
368,394,No,No
374,386,No,No
374,387,No,No
374,396,No,No
383,384,No,No
383,397,No,No
383,398,No,No
385,390,No,No
385,399,No,No
373,378,No,No
373,400,No,No
384,395,No,No
381,401,No,No
381,402,No,No
381,403,No,No
378,400,No,No
387,404,No,No
395,405,No,No
395,406,No,No
394,404,No,No
388,394,No,No
371,402,No,No
397,407,No,No
397,408,No,No
405,409,No,No
389,399,No,No
389,410,Yes,No
396,404,No,No
396,411,No,No
392,405,No,No
392,412,No,No
392,409,No,No
404,413,No,No
404,414,No,No
390,415,No,No
390,416,No,No
399,418,No,No
400,419,No,No
400,420,No,No
401,403,No,No
401,421,No,No
388,413,No,No
388,419,No,No
401,402,No,No
402,422,No,No
393,412,No,No
411,417,No,No
411,414,No,No
398,403,No,No
398,407,No,No
391,393,No,No
391,416,No,No
391,423,No,No
409,412,No,No
409,424,No,No
403,425,No,No
410,418,No,No
418,426,No,No
418,427,No,No
415,416,No,No
415,426,No,No
415,428,No,No
407,429,No,No
413,430,No,No
413,419,No,No
416,431,No,No
416,423,No,No
406,424,No,No
406,408,No,No
417,432,No,No
410,433,Yes,No
424,434,No,No
414,430,No,No
419,430,No,No
430,435,No,No
426,436,No,No
426,428,No,No
414,417,No,No
414,435,No,No
414,437,No,No
414,438,No,Yes
408,429,No,No
408,439,No,No
268,440,Yes,No
268,441,Yes,No
421,425,No,No
421,422,No,No
421,442,No,No
425,443,No,No
419,444,No,No
419,445,No,No
429,446,No,No
429,443,No,No
420,447,No,No
420,448,No,No
428,431,No,No
431,449,No,No
419,435,No,No
435,444,No,No
423,449,No,No
432,450,No,No
432,451,No,No
422,452,No,No
427,436,No,No
427,433,No,No
427,453,No,No
434,454,No,No
434,455,No,No
428,436,No,No
446,456,No,No
446,457,No,No
439,446,No,No
439,458,No,No
428,459,No,No
428,460,No,No
428,461,No,No
439,454,No,No
433,440,Yes,No
437,444,No,No
444,462,No,No
444,463,No,No
444,464,No,No
445,447,No,No
445,462,No,No
437,464,No,No
437,465,No,No
449,455,No,No
442,443,No,No
443,456,No,No
442,452,Yes,No
453,466,No,No
437,438,No,No
438,450,No,No
467,468,No,No
447,469,No,No
447,470,No,No
447,471,No,No
462,463,No,No
456,457,No,No
453,459,No,No
459,460,No,No
455,472,No,No
448,469,No,No
448,473,No,No
452,474,Yes,No
440,453,No,No
440,475,Yes,No
463,470,No,No
469,473,No,No
460,461,No,No
460,476,No,No
450,465,No,No
450,451,No,No
463,464,No,No
464,477,No,No
457,458,No,No
474,478,No,No
474,479,No,No
474,480,Yes,No
461,481,No,No
461,482,No,No
466,476,No,No
466,483,No,No
468,484,Yes,No
470,471,No,No
470,485,No,No
470,477,No,No
465,486,No,No
465,487,No,No
478,488,No,No
478,489,No,No
476,490,No,No
476,483,No,No
472,481,No,No
481,491,No,No
481,492,No,No
481,493,No,No
471,494,No,No
471,495,No,No
482,490,No,No
482,491,No,No
483,490,No,No
488,496,No,No
497,498,No,No
451,487,No,No
458,499,No,No
472,492,No,No
472,500,No,No
479,489,No,No
479,501,No,No
477,486,No,No
486,487,No,No
496,502,No,No
502,503,No,No
489,504,No,No
494,505,No,No
483,506,No,No
483,507,No,No
477,485,No,No
485,495,No,No
485,505,No,No
477,508,No,No
494,495,No,No
495,505,No,No
473,494,No,No
473,509,No,Yes
496,510,No,No
480,501,No,No
480,511,No,No
487,508,No,No
491,506,No,No
491,493,No,No
491,512,No,No
501,504,No,No
504,513,No,No
501,513,No,No
501,514,No,No
506,512,No,No
492,493,No,No
492,500,No,No
484,515,No,No
484,516,Yes,No
507,517,No,No
513,514,No,No
513,518,No,No
493,512,No,No
511,514,No,No
499,511,No,No
505,508,No,No
514,519,No,No
503,510,No,No
503,520,No,No
510,521,No,No
512,517,No,No
517,522,No,No
515,523,No,No
515,524,No,No
498,525,No,No
498,523,No,No
500,512,No,No
512,526,No,No
520,525,No,No
520,527,No,No
520,528,No,No
500,529,No,No
500,530,No,No
523,525,No,No
516,531,No,No
516,532,Yes,No
499,529,No,No
533,534,No,No
531,533,No,No
518,521,No,No
518,535,No,No
522,526,No,No
475,522,No,No
521,527,Yes,No
527,528,Yes,No
521,536,Yes,No
509,537,No,No
509,538,No,No
534,539,No,No
534,540,No,No
526,530,No,No
526,541,No,No
528,542,Yes,No
475,543,Yes,No
529,530,No,No
529,544,No,No
537,545,No,No
531,532,No,No
539,546,No,No
539,547,No,No
548,549,No,No
548,550,No,No
540,551,No,No
551,552,No,No
530,553,No,No
530,554,No,No
540,555,No,No
532,546,Yes,No
532,556,No,No
538,557,No,No
538,558,No,No
546,547,No,No
546,556,No,No
544,559,No,No
544,560,No,No
554,559,No,No
559,561,No,No
545,557,No,No
557,558,No,No
557,562,No,No
547,555,No,No
547,563,Yes,No
547,556,Yes,No
524,556,No,No
545,564,No,No
545,562,No,No
541,553,No,No
553,565,No,No
553,566,No,No
555,567,No,No
555,563,No,No
554,565,No,No
554,568,No,No
558,569,Yes,No
558,562,No,No
558,570,Yes,No
353,569,Yes,No
569,571,No,No
541,543,No,No
541,572,No,No
541,573,No,No
535,536,Yes,No
536,542,No,No
562,564,Yes,No
564,574,No,No
562,570,No,No
524,575,No,No
565,566,No,No
565,576,No,No
577,578,No,No
577,579,No,No
577,580,No,No
563,567,No,No
552,567,No,No
563,581,Yes,No
552,582,No,No
578,582,No,No
582,583,No,No
560,561,Yes,No
561,568,Yes,No
549,584,No,No
549,585,No,No
552,586,No,No
578,587,No,No
550,588,No,No
550,589,No,No
550,590,No,No
519,560,Yes,No
570,574,No,No
570,571,No,No
543,591,Yes,No
575,592,No,No
353,441,Yes,No
519,593,Yes,No
519,594,No,Yes
535,593,Yes,No
566,572,No,No
572,573,No,No
572,595,No,No
566,595,No,No
542,596,Yes,No
584,597,No,No
584,598,No,No
573,591,Yes,No
591,599,No,No
579,585,No,No
585,600,No,No
588,601,No,No
588,589,No,No
568,576,Yes,No
568,602,No,No
581,603,Yes,No
581,604,Yes,No
573,595,No,No
573,599,No,No
579,605,No,No
583,586,No,No
586,606,No,No
597,601,No,No
589,601,No,No
601,607,No,No
580,608,No,No
580,609,No,No
576,595,Yes,No
595,610,Yes,Yes
599,610,No,No
583,611,No,No
583,612,No,No
598,607,No,No
598,613,No,No
574,614,No,No
571,615,No,No
576,616,No,No
605,617,No,No
605,618,No,No
606,619,No,No
441,620,No,No
603,606,No,No
603,621,No,No
603,604,Yes,No
608,609,No,No
608,617,No,No
622,623,No,No
593,624,No,Yes
589,625,No,No
619,621,No,No
612,619,No,No
607,626,No,No
609,627,No,No
617,628,No,No
617,629,No,No
614,615,No,No
615,630,No,No
587,611,No,No
587,631,No,No
610,616,Yes,No
610,632,Yes,No
611,631,No,No
611,633,No,No
621,634,No,No
621,635,No,No
612,634,No,No
618,628,No,No
628,636,No,No
624,637,No,No
624,638,No,No
639,640,No,No
596,639,No,No
639,641,No,No
625,642,No,No
625,643,No,No
627,644,No,No
627,645,No,No
620,630,No,No
630,646,No,No
634,647,No,No
635,648,No,No
600,618,No,No
602,616,Yes,No
631,644,No,No
592,604,Yes,No
644,645,No,No
637,638,No,No
637,640,No,No
600,649,No,No
600,650,No,No
594,638,No,No
638,651,Yes,No
638,652,No,No
594,653,No,No
594,654,No,No
626,655,No,No
613,649,No,No
649,650,No,No
592,596,Yes,No
590,656,No,No
590,657,No,No
613,626,No,No
613,658,Yes,No
602,653,Yes,No
640,651,No,No
636,650,No,No
636,659,No,No
650,659,No,No
650,658,No,No
623,660,No,No
623,661,No,No
643,656,No,No
656,662,No,No
657,663,No,No
657,664,No,No
633,647,No,No
647,665,No,No
651,652,No,No
651,666,Yes,No
633,667,No,No
629,659,No,No
629,645,No,No
642,655,No,No
653,654,Yes,No
653,668,No,No
642,643,No,No
643,655,No,No
643,662,No,No
620,646,No,No
659,669,No,No
652,670,No,No
652,671,No,No
655,658,No,No
655,672,No,No
648,665,No,No
648,673,No,No
658,674,Yes,No
645,675,No,No
646,676,No,No
654,670,Yes,No
670,671,Yes,No
654,668,No,No
660,661,No,No
660,677,No,No
669,674,No,No
669,678,No,No
665,679,No,No
668,680,No,No
661,681,No,No
674,678,Yes,No
672,674,No,No
681,682,No,No
681,683,No,No
663,677,No,No
677,684,No,No
673,679,No,No
673,685,No,No
673,686,No,No
666,671,Yes,No
671,687,No,No
662,672,No,No
662,664,No,No
678,688,Yes,No
641,666,Yes,No
663,684,No,No
663,664,No,No
679,685,No,No
675,689,No,No
675,690,No,No
689,691,No,No
683,684,No,No
684,692,No,No
686,693,No,No
685,694,No,No
682,695,No,No
682,696,No,No
680,697,No,No
680,698,No,No
699,700,No,No
699,701,No,No
699,702,No,No
664,692,No,No
641,703,No,No
641,704,Yes,No
686,705,No,No
695,700,No,No
695,696,No,No
691,694,No,No
694,706,No,No
700,701,No,No
691,707,No,No
683,708,No,No
687,703,No,No
687,709,No,No
703,709,No,No
687,697,No,No
697,710,No,No
704,711,Yes,No
704,712,No,No
701,702,No,No
701,713,No,No
692,714,No,No
711,715,Yes,No
710,716,No,No
710,717,No,No
712,715,No,No
712,718,No,No
688,719,No,No
688,720,No,No
709,716,No,No
721,722,No,No
721,723,No,No
676,723,No,No
722,723,No,No
690,719,No,No
719,724,No,No
676,725,No,No
690,726,No,No
690,724,No,No
702,727,No,No
728,729,No,No
716,730,No,No
707,726,No,No
726,731,No,No
706,732,No,No
706,733,No,No
715,718,No,No
715,734,Yes,No
722,735,No,No
706,707,No,No
707,731,No,No
705,736,No,No
705,737,No,No
718,738,No,No
696,739,No,No
696,740,No,No
724,741,No,No
729,732,No,No
732,733,No,No
734,742,Yes,No
734,743,No,No
742,744,No,No
742,745,Yes,No
708,746,No,No
708,747,No,No
729,748,No,No
730,738,No,No
738,749,No,No
731,750,No,No
730,751,No,No
730,752,No,No
725,735,No,No
733,753,No,No
733,754,No,No
632,698,No,No
698,755,No,No
739,756,No,No
739,757,No,No
750,753,No,No
753,758,No,No
717,751,No,No
751,752,No,No
736,744,No,No
736,759,No,No
750,758,No,No
744,759,No,No
748,754,No,No
748,760,No,No
720,741,No,No
741,761,No,No
741,762,No,No
743,749,No,No
743,745,No,No
743,763,No,No
737,759,No,No
737,764,No,No
759,765,No,No
749,766,No,No
749,767,No,No
754,768,No,No
632,755,No,No
632,769,Yes,No
727,770,No,No
745,771,Yes,No
755,769,No,No
755,772,No,No
713,727,No,No
713,773,No,No
720,774,No,No
760,775,No,No
760,776,No,No
758,777,No,No
758,761,No,No
717,772,No,No
752,766,No,No
766,778,No,No
752,779,No,No
775,776,No,No
775,780,No,No
776,781,No,No
769,782,No,No
777,783,No,No
777,784,No,No
761,762,No,No
761,785,No,No
768,776,No,No
768,781,No,No
768,784,No,No
763,771,Yes,No
765,771,No,No
772,782,No,No
756,773,No,No
773,786,No,No
714,787,No,No
787,788,No,No
764,789,No,No
764,790,No,No
781,791,No,No
783,784,No,No
783,792,No,No
762,793,No,No
785,792,No,No
785,794,No,No
756,786,No,No
756,757,No,No
780,789,No,No
780,795,No,No
763,796,Yes,No
789,797,No,No
774,798,No,No
774,799,No,No
767,778,No,No
778,800,No,No
792,801,No,No
792,802,No,No
767,796,No,No
725,803,No,Yes
725,804,No,No
796,805,Yes,No
795,797,No,No
791,795,No,No
714,806,No,No
788,798,No,No
798,807,No,No
788,807,No,No
797,808,No,No
793,809,No,No
793,810,No,No
793,811,No,No
786,812,No,No
786,813,No,No
765,790,No,No
765,814,No,No
765,815,No,No
801,816,No,No
790,815,No,No
791,801,No,No
791,817,No,No
807,818,No,No
807,819,No,No
805,820,Yes,No
800,805,No,No
740,821,No,No
740,822,No,No
740,823,No,No
740,824,No,No
794,809,No,No
809,810,No,No
757,821,No,No
757,825,No,No
821,823,No,No
782,826,No,No
782,827,No,No
782,828,No,No
802,829,No,No
802,830,No,No
812,813,No,No
812,831,No,No
812,832,No,No
794,802,No,No
813,825,No,No
816,817,No,No
808,817,No,No
810,833,No,No
810,834,No,No
811,833,No,No
811,835,No,No
814,820,Yes,No
814,815,Yes,No
815,836,Yes,No
815,837,Yes,No
806,838,No,No
747,806,No,No
746,839,No,No
746,840,No,No
820,841,No,No
826,827,No,No
826,842,Yes,No
833,843,No,No
800,844,No,No
770,845,No,No
822,824,No,No
829,834,No,No
829,846,No,No
822,839,No,No
839,840,No,No
839,847,No,No
827,828,No,No
827,848,No,No
816,849,No,No
816,850,No,No
834,843,No,No
799,818,No,No
818,819,No,No
838,851,No,No
838,852,No,No
799,835,No,No
831,845,No,No
831,853,No,No
840,854,No,No
845,853,No,No
808,855,No,No
808,836,No,No
823,856,No,No
830,849,No,No
849,857,No,No
843,858,No,No
828,859,No,No
859,860,No,No
859,861,No,No
859,862,No,No
747,863,No,No
825,864,No,No
825,865,No,No
825,866,No,No
825,867,No,No
830,868,No,No
835,869,No,No
824,856,No,No
824,870,No,No
850,855,No,No
855,871,No,No
869,872,No,No
869,873,No,No
836,874,Yes,No
863,875,No,No
863,876,No,No
850,877,No,No
856,870,No,No
856,865,No,No
856,878,No,No
842,879,Yes,No
842,848,No,No
848,860,No,No
832,880,No,No
832,853,No,No
832,881,No,No
864,881,No,No
880,881,No,No
846,858,No,No
858,872,No,No
847,870,No,No
870,878,No,No
864,867,No,No
854,882,No,No
854,883,No,No
865,884,No,No
865,866,No,No
866,885,No,No
866,884,No,No
857,886,No,No
857,887,No,No
837,841,No,No
841,888,No,No
860,861,No,No
860,879,No,No
819,889,No,No
819,890,No,No
877,886,No,No
871,877,No,No
877,891,No,No
837,892,Yes,No
861,893,No,No
844,894,No,No
844,895,No,No
875,882,No,No
882,896,No,No
803,897,No,No
846,868,No,No
886,891,No,No
847,878,No,No
847,899,No,No
779,900,No,No
779,901,No,No
871,902,No,No
862,893,No,No
862,901,No,No
884,885,No,No
868,903,No,No
900,904,No,No
900,905,No,No
872,906,No,No
872,907,No,No
867,885,No,No
867,908,No,No
875,876,No,No
884,909,No,No
892,910,No,No
892,911,Yes,No
888,894,No,No
894,912,No,No
894,895,No,No
888,910,No,No
878,898,No,No
878,913,No,No
876,914,No,No
879,893,No,No
893,915,No,No
893,916,No,No
851,914,No,No
851,917,No,No
880,918,No,No
873,906,No,No
906,919,No,No
898,913,No,No
873,920,Yes,No
887,903,No,No
903,921,No,No
853,918,No,No
910,912,No,No
912,922,No,No
895,922,No,No
910,922,No,No
895,904,No,No
904,923,No,No
901,915,No,No
901,924,No,No
913,925,No,No
913,926,No,No
913,927,No,No
887,928,No,No
889,890,No,No
889,929,No,No
874,902,Yes,No
874,930,Yes,No
919,920,No,No
920,931,No,No
891,932,No,No
852,890,No,No
852,933,Yes,No
899,913,No,No
883,899,No,No
899,926,No,No
890,934,No,No
919,931,No,No
919,935,No,No
897,936,No,No
897,937,No,No
909,925,No,No
925,938,No,No
879,939,No,No
879,940,Yes,No
929,941,No,No
922,942,No,No
883,943,No,No
905,923,No,No
923,944,No,No
915,945,No,No
914,917,No,No
914,946,Yes,No
914,947,No,No
905,948,No,No
931,941,No,No
911,942,No,No
942,949,No,No
932,950,No,No
932,951,No,No
907,952,No,No
907,935,No,No
907,953,No,No
941,954,No,No
924,955,No,No
924,956,No,No
928,957,No,No
952,958,No,No
958,959,No,No
952,960,No,No
928,950,No,No
950,957,No,No
908,918,No,No
902,961,No,No
902,962,Yes,No
902,963,No,Yes
896,943,No,No
896,964,No,No
935,953,No,No
935,954,No,No
917,947,No,No
917,965,No,No
943,966,No,No
943,964,No,No
911,967,Yes,No
911,968,No,No
946,969,Yes,No
946,970,No,No
921,959,No,No
959,971,No,No
921,957,No,No
953,960,No,No
960,971,No,No
960,972,No,No
945,973,No,No
945,974,No,No
951,962,No,No
909,975,No,No
953,972,No,No
930,963,No,No
930,976,No,No
930,977,No,No
961,962,No,No
961,978,No,No
926,979,No,No
973,974,No,No
916,973,No,No
916,939,No,No
962,978,Yes,No
962,980,Yes,No
956,974,No,No
966,979,No,No
966,981,No,No
963,982,No,No
967,976,No,No
976,977,No,No
976,983,No,No
908,984,No,No
927,979,No,No
927,985,No,No
927,986,No,No
964,987,No,No
964,988,No,No
948,955,No,No
948,989,No,No
948,990,No,No
967,968,No,No
967,991,No,Yes
967,992,No,No
979,993,No,No
979,981,No,No
944,949,No,No
971,994,No,No
975,995,No,No
975,996,No,No
978,982,Yes,No
978,997,Yes,No
977,998,No,No
977,999,No,No
955,956,No,No
955,990,No,No
939,940,No,No
944,989,No,No
944,1000,No,No
986,993,No,No
993,1001,No,No
972,1002,No,No
982,999,Yes,No
984,996,No,No
984,1003,No,No
968,1004,No,No
969,987,No,No
987,988,No,No
947,970,No,No
947,1005,No,No
947,965,No,No
965,1006,No,No
938,985,No,No
985,986,No,No
938,1007,No,No
936,1008,No,No
936,937,No,No
936,1009,No,No
995,1007,No,No
1007,1010,No,No
995,1011,No,No
986,1001,No,No
986,1012,No,No
998,999,No,Yes
998,1013,No,No
969,1014,Yes,No
981,988,No,No
997,999,No,No
983,1015,No,No
983,991,No,No
991,992,No,No
994,1016,No,No
1013,1015,No,No
1015,1017,No,No
933,1006,No,No
1006,1018,No,No
933,1018,Yes,No
1013,1017,No,No
1013,1019,No,No
940,1020,No,No
940,1021,Yes,No
1004,1022,No,No
992,1023,No,No
970,1024,No,No
970,1025,No,No
996,1011,No,No
996,1003,No,No
980,1026,Yes,No
980,1027,Yes,No
980,1028,Yes,No
997,1027,Yes,Yes
1001,1029,No,No
954,1030,Yes,No
1008,1031,No,No
1008,1032,No,No
1005,1025,Yes,No
1005,1033,Yes,No
1011,1034,No,No
1010,1011,No,No
1010,1012,No,No
1010,1034,No,No
1010,1035,No,No
1023,1036,No,No
1023,1037,No,No
1017,1023,No,No
1017,1038,No,No
1017,1019,No,No
1014,1024,Yes,No
1024,1025,Yes,No
989,1039,No,No
989,990,No,No
989,1040,No,No
1002,1016,No,No
1016,1041,No,No
804,1042,No,No
804,1043,No,No
804,1044,No,No
804,1045,No,No
1012,1029,No,No
1012,1035,No,No
1014,1046,No,No
1042,1047,No,No
1042,1048,No,No
1031,1049,No,No
1031,1032,No,No
1025,1050,No,No
1043,1051,No,No
1043,1045,No,No
1018,1033,Yes,No
1033,1052,No,No
1039,1040,No,No
1039,1053,No,No
937,1051,No,No
1051,1054,No,No
1000,1039,No,No
1000,1022,No,No
1044,1045,No,No
1003,1055,No,No
1018,1056,Yes,No
1018,1057,No,No
1026,1058,No,No
1026,1059,No,No
988,1060,No,No
1022,1061,No,No
1045,1054,No,No
1045,1062,No,No
1029,1063,No,No
1044,1047,No,No
1047,1064,No,No
1047,1065,No,No
1037,1038,No,No
1038,1066,No,No
1002,1041,No,No
1002,1067,No,No
1048,1064,No,No
1048,1068,No,No
1048,1069,No,No
1027,1070,No,No
1027,1071,No,No
1027,1072,Yes,No
1041,1073,No,No
1020,1074,No,No
1074,1075,No,No
1074,1076,No,No
937,1054,No,No
937,1049,No,No
937,1077,No,No
1030,1078,Yes,No
1030,1079,No,No
1054,1077,No,No
1032,1049,No,No
1049,1077,No,No
1049,1080,No,No
1002,1081,No,No
1078,1081,No,No
1081,1082,No,No
1036,1037,No,No
1036,1061,No,No
1036,1083,No,No
1036,1084,No,No
1058,1073,No,No
1073,1085,No,No
1009,1032,No,No
1032,1080,No,No
1037,1066,No,No
1037,1084,No,No
1019,1066,No,Yes
1019,1070,No,No
1078,1082,Yes,No
1063,1086,No,No
1063,1087,No,No
1061,1088,No,No
1064,1089,No,No
1034,1055,No,No
1034,1090,No,No
990,1091,Yes,No
990,1092,Yes,No
990,1093,No,No
1055,1090,No,No
1058,1059,No,No
1058,1085,No,No
1094,1095,Yes,No
990,1040,No,No
1040,1053,No,No
1077,1096,No,No
1077,1080,No,No
1077,1097,No,No
1068,1069,No,No
1068,1089,No,No
1068,1098,No,No
1066,1084,No,No
1009,1099,No,No
1056,1057,No,No
1056,1100,Yes,Yes
1035,1086,No,No
1035,1101,No,No
1082,1102,Yes,No
1052,1057,No,No
1086,1087,No,No
1088,1103,No,No
1088,1104,No,No
1060,1087,No,No
1090,1101,No,No
1092,1093,No,No
1092,1105,Yes,No
1093,1106,No,No
1053,1106,No,No
1106,1107,No,No
1069,1108,No,No
1093,1107,No,No
1083,1104,No,No
1083,1084,No,No
1083,1109,No,No
1067,1102,Yes,No
1102,1110,No,No
934,1079,No,No
934,1111,No,No
1053,1103,No,No
1053,1112,No,No
1059,1113,No,No
1089,1114,No,No
1080,1096,No,No
1096,1097,No,No
1096,1115,No,No
1050,1052,No,No
1071,1072,No,No
1071,1116,No,No
1060,1101,No,No
1080,1099,No,No
1080,1115,No,No
1080,1117,No,No
1105,1107,No,No
1107,1112,No,No
1103,1104,No,No
1103,1112,No,No
1062,1097,No,No
1097,1115,No,No
1104,1118,No,No
1020,1021,No,No
1020,1119,No,No
1020,1076,No,No
1105,1120,Yes,No
1062,1065,No,No
1067,1121,Yes,No
1095,1122,Yes,No
1095,1123,No,No
1108,1124,No,No
1108,1125,No,No
1075,1108,No,No
1084,1126,Yes,No
1046,1060,No,No
1028,1072,No,No
1072,1127,Yes,No
1079,1128,No,No
1085,1121,No,No
1121,1129,Yes,Yes
1050,1130,No,Yes
1098,1124,No,No
1021,1122,No,No
1021,1131,Yes,No
1098,1132,No,No
1098,1133,No,No
1028,1113,No,No
1113,1134,No,No
1098,1114,No,No
1114,1132,No,No
1122,1135,No,No
1085,1134,No,No
1112,1120,No,No
1112,1136,No,No
1112,1137,No,No
1028,1138,No,No
1028,1139,Yes,No
1075,1125,No,No
1075,1140,No,No
1116,1141,No,No
1116,1142,No,No
1112,1118,No,No
1109,1118,No,No
1123,1143,No,No
1123,1144,No,No
1109,1145,No,No
1128,1146,No,No
1128,1147,No,No
1065,1148,No,No
1120,1149,Yes,No
1046,1150,No,No
1127,1138,No,No
1127,1151,No,No
1138,1152,No,No
1126,1153,Yes,No
1100,1130,No,No
1100,1111,No,No
1110,1154,No,No
1110,1155,No,No
1141,1142,No,No
1141,1151,No,No
1142,1156,No,No
1129,1134,No,No
1134,1157,No,No
1130,1158,No,No
1143,1159,No,No
1143,1160,No,No
1146,1154,No,No
1146,1147,No,No
1119,1131,Yes,No
1119,1161,No,No
1151,1162,No,No
1153,1163,No,No
1153,1164,Yes,No
1145,1163,No,No
1136,1145,No,No
1131,1165,No,No
1132,1166,No,No
1111,1167,No,No
1154,1155,No,No
1150,1168,No,No
1147,1169,No,No
1148,1166,No,No
1156,1162,No,No
1156,1170,No,No
1156,1171,No,No
1133,1166,No,No
1158,1172,No,No
1158,1168,No,No
1158,1173,No,No
1135,1165,No,No
1076,1174,No,No
1129,1155,No,No
1155,1169,No,No
1149,1175,No,No
1137,1149,Yes,Yes
1163,1164,No,Yes
1163,1176,No,No
1133,1140,No,No
1135,1159,No,No
1159,1160,No,No
1164,1176,Yes,No
1164,1177,No,No
1167,1169,No,No
1169,1178,No,Yes
1169,1179,No,No
1167,1180,No,Yes
1167,1181,No,No
1135,1182,No,No
1170,1183,No,No
1136,1184,No,No
1176,1185,Yes,No
1160,1182,No,No
1160,1186,No,No
1144,1187,No,No
1144,1188,No,No
1183,1189,No,No
1183,1190,No,No
1177,1191,No,No
1177,1185,No,No
1177,1192,No,No
1139,1152,No,No
1152,1193,No,No
1191,1194,No,No
1190,1191,No,No
1185,1195,No,No
1139,1196,No,No
1157,1197,No,No
1157,1198,No,No
1178,1180,No,No
1180,1181,No,No
1178,1199,No,No
1192,1195,Yes,No
1184,1195,Yes,No
1181,1200,No,No
1181,1201,No,No
1181,1202,No,No
1189,1203,No,No
1189,1204,No,No
1192,1194,No,No
1189,1190,No,No
1190,1194,No,No
1190,1203,No,No
1175,1205,No,No
1175,1206,No,No
1199,1200,No,No
1199,1207,No,No
1179,1208,No,No
1197,1208,No,No
1208,1209,No,No
1192,1203,Yes,No
1200,1201,No,No
1187,1205,No,No
1187,1188,No,No
1161,1210,No,No
1161,1211,No,No
1140,1212,No,No
1137,1213,No,No
1179,1214,No,No
1179,1207,No,No
1207,1215,No,No
1205,1216,No,No
1186,1188,No,No
1188,1217,No,No
1184,1213,No,No
1197,1218,No,No
1197,1219,No,No
1203,1220,No,No
1196,1198,No,No
1198,1221,No,No
1201,1222,No,No
1193,1196,No,No
1196,1223,No,No
1171,1193,No,No
1186,1224,No,No
1209,1214,No,No
1214,1215,No,No
1206,1213,No,No
1206,1225,No,No
1204,1220,No,No
1220,1226,No,No
1171,1227,No,No
1209,1228,No,No
1217,1224,No,No
1224,1229,No,No
1217,1229,No,No
1216,1217,No,No
1174,1210,No,No
1174,1212,No,No
1210,1231,No,No
1215,1222,No,No
1215,1232,No,No
1229,1233,No,No
1229,1234,No,No
1225,1235,No,No
1235,1236,No,No
1235,1237,No,No
1211,1231,No,No
1231,1238,No,No
1218,1221,No,No
1204,1227,No,No
1227,1239,No,No
1225,1240,No,No
1236,1237,No,No
1173,1241,No,No
1173,1202,No,No
1204,1242,No,No
1204,1243,Yes,No
1216,1236,No,No
1216,1234,No,No
1216,1244,No,No
1230,1245,No,No
1230,1246,No,No
1233,1234,No,No
1233,1245,No,No
1202,1247,No,No
1221,1248,No,No
1222,1247,No,No
1222,1232,No,No
1222,1249,No,No
1226,1242,No,No
1226,1250,No,No
1234,1251,No,No
1245,1252,No,No
1242,1253,No,No
1243,1253,No,No
1243,1254,No,No
1247,1249,No,No
1251,1255,No,No
1251,1256,No,No
1244,1257,No,No
1244,1255,No,No
1239,1258,No,No
1223,1248,No,No
1223,1259,No,No
1246,1260,No,No
1246,1261,No,No
1232,1249,No,No
1232,1262,No,No
1253,1263,No,No
1240,1264,No,No
1240,1265,No,No
1240,1266,No,No
1211,1260,No,No
1211,1267,No,No
1254,1268,No,No
1254,1269,Yes,No
1237,1264,No,No
1238,1267,No,No
1238,1270,No,No
1250,1271,No,No
1250,1272,No,No
1250,1273,No,No
1248,1274,Yes,No
1249,1275,No,No
1263,1268,No,No
1263,1276,No,No
1260,1277,No,No
1252,1278,No,No
1228,1262,No,No
1262,1279,No,No
1255,1257,No,No
1257,1280,No,No
1228,1281,No,No
1237,1280,No,No
1237,1282,No,No
1237,1283,No,No
1237,1284,No,No
1255,1285,No,No
1255,1256,No,No
1280,1282,No,No
1280,1285,No,No
1261,1277,No,No
1261,1286,No,No
1268,1269,Yes,No
1277,1287,No,No
1259,1288,No,No
1258,1259,No,No
1282,1284,No,No
1261,1278,No,No
1256,1278,No,No
1265,1266,No,No
1265,1289,No,No
1266,1290,No,No
1266,1291,No,No
1267,1292,No,No
1274,1288,No,No
1258,1288,No,No
1283,1290,No,No
1290,1291,No,No
1283,1284,No,No
1269,1293,Yes,No
1285,1294,No,No
1256,1285,No,No
1219,1295,No,No
1219,1296,No,No
1274,1297,Yes,No
1270,1298,No,No
1284,1294,No,No
1258,1299,No,No
1271,1289,No,No
1289,1300,No,No
1271,1300,No,No
1275,1279,No,No
1275,1301,No,No
1294,1302,No,No
1281,1295,No,No
1295,1303,No,No
1256,1302,No,No
1256,1304,No,No
1292,1305,No,No
1298,1305,No,No
1298,1306,No,No
1291,1307,No,No
1281,1308,No,No
1273,1300,No,No
1300,1307,No,No
1300,1309,No,No
1293,1299,No,No
1272,1310,No,No
1272,1276,No,No
1279,1301,No,No
1279,1311,No,No
1302,1312,No,No
1302,1313,No,No
1273,1310,No,No
1273,1314,No,No
1296,1297,No,No
1301,1315,No,No
1305,1316,No,No
1287,1316,No,No
1316,1317,No,No
1310,1314,No,No
1310,1318,No,No
1286,1304,No,No
1286,1287,No,No
1287,1319,No,No
1296,1303,No,No
1286,1319,No,No
1276,1320,Yes,No
1276,1318,No,No
1293,1320,No,No
1307,1321,No,No
1309,1322,No,No
1309,1323,No,No
1308,1311,No,No
1303,1308,No,No
1308,1324,No,No
1315,1325,No,No
1311,1325,No,No
1320,1326,No,No
1314,1322,No,No
1314,1327,No,No
1312,1319,No,No
1312,1328,No,No
1325,1329,No,No
1318,1330,No,No
1318,1326,No,No
1317,1319,No,No
1322,1331,No,No
1322,1327,No,No
1323,1332,No,No
1323,1331,No,No
1331,1332,No,No
1306,1317,Yes,No
1328,1333,No,No
1327,1334,No,No
1330,1335,No,No
1330,1336,No,No
1321,1337,No,No
1321,1338,No,No
1333,1339,No,No
1333,1340,No,No
1306,1341,No,Yes
1332,1334,No,No
1332,1337,No,No
1339,1342,No,No
1339,1341,No,No
1313,1340,No,No
1340,1342,No,No
1313,1321,No,No
1313,1338,No,No
1334,1336,No,No
1334,1343,No,No
1342,1344,No,No
1326,1335,No,No
1335,1345,No,No
1336,1345,No,No
1336,1346,No,No
1337,1347,No,No
1337,1348,No,No
1341,1349,No,No
1345,1350,No,No
1344,1351,No,No
1344,1352,Yes,No
1343,1347,No,No
1349,1353,No,No
1351,1354,No,No
1351,1352,No,No
1343,1346,No,No
1346,1350,No,No
1347,1355,No,No
1352,1353,No,No
1353,1356,No,No
1338,1357,No,No
1338,1358,No,No
1354,1359,No,No
1354,1357,No,No
1348,1355,No,No
1355,1360,No,No
1350,1361,No,No
1348,1358,No,No
1352,1362,Yes,No
1357,1363,No,No
1358,1363,No,No
1363,1364,No,No
1361,1365,No,No
1356,1362,Yes,No
1362,1366,No,No
1360,1365,No,No
1360,1367,No,No
1356,1366,No,No
1366,1368,No,No
1358,1369,No,No
1358,1370,No,No
1365,1367,No,No
1367,1371,No,No
1369,1371,No,No
1371,1372,No,No
1369,1372,No,No
1368,1373,No,No
1373,1374,No,No
1373,1375,No,No
1364,1370,No,No
1374,1376,No,No
1374,1377,No,No
1364,1376,No,No
1376,1377,No,No
1377,1378,No,No
1375,1378,No,No
1375,1379,No,No
96,109,No,No
99,127,No,Yes
116,142,No,No
163,181,Yes,No
253,255,No,No
250,284,No,No
303,321,No,No
377,395,No,No
386,417,No,No
554,561,No,No
611,612,No,No
784,801,No,No
865,898,No,No
949,1000,No,No
1182,1230,No,No
17,13,No,No
24,17,No,No
28,24,No,No
37,24,No,No
43,32,No,No
41,34,No,No
53,37,No,No
61,37,No,No
69,37,No,No
48,42,No,No
49,42,No,No
44,43,No,No
212,46,No,No
51,50,No,No
61,52,No,No
82,52,No,No
56,55,No,No
68,57,No,No
110,59,No,No
148,59,No,No
206,62,No,No
82,67,No,No
70,69,No,No
121,74,No,No
134,74,No,No
94,77,No,No
83,82,No,No
91,87,No,No
98,89,No,No
97,96,No,No
110,96,No,No
126,99,No,No
112,111,No,No
130,111,No,No
125,114,No,No
131,116,No,No
119,118,No,No
133,119,No,No
135,125,No,No
139,126,No,No
146,132,No,No
151,132,No,No
137,136,No,No
148,138,No,No
141,140,No,No
147,142,No,No
155,142,No,No
179,145,No,No
228,145,No,No
154,153,No,No
158,156,No,No
173,159,No,No
196,161,No,No
176,163,No,No
199,165,No,Yes
200,165,No,No
201,165,No,No
219,165,No,No
188,174,No,No
185,176,No,No
187,176,No,No
189,176,No,No
180,178,No,No
188,184,No,No
189,188,No,No
242,193,No,No
232,194,No,No
204,195,No,No
267,199,No,No
216,203,No,No
210,204,No,No
228,213,No,No
221,214,No,No
232,217,No,No
235,217,No,No
256,224,No,No
230,225,No,No
237,226,No,No
247,226,No,No
237,227,No,No
251,237,No,No
351,242,No,No
264,251,No,No
274,258,No,No
293,258,No,No
278,262,No,No
265,264,No,No
272,264,No,No
287,275,No,No
304,281,No,No
316,284,No,No
294,286,No,No
312,292,No,No
329,292,No,No
300,299,No,No
302,301,No,No
325,301,No,No
327,303,No,No
315,308,No,No
315,309,No,No
322,313,No,No
320,314,No,No
344,317,No,No
331,319,No,No
346,334,No,No
356,334,No,No
360,340,No,No
350,343,No,No
345,344,No,No
375,344,No,No
571,353,No,No
369,360,No,No
374,360,No,No
380,361,No,No
395,363,No,No
383,366,No,No
398,366,No,No
380,368,No,No
382,368,No,No
405,377,No,No
397,384,No,No
426,385,No,No
396,386,No,No
411,386,No,No
455,393,No,No
398,397,No,No
410,399,No,No
425,401,No,No
421,402,No,No
406,405,No,No
409,406,No,No
439,406,No,No
454,406,No,No
408,407,No,No
425,407,No,No
432,414,No,No
462,419,No,No
443,421,No,No
478,422,No,No
454,424,No,No
429,425,No,No
442,425,No,No
431,426,No,No
438,432,No,No
453,436,No,No
507,440,No,No
632,441,No,No
472,449,No,No
481,449,No,No
465,451,No,No
458,454,No,No
480,457,No,No
466,460,No,No
484,467,No,No
516,467,No,No
497,468,No,No
498,468,No,No
494,469,No,No
499,472,No,No
480,479,No,No
504,479,No,No
510,489,No,No
503,496,No,No
502,497,No,No
502,498,No,No
515,498,No,No
500,499,No,No
511,501,No,No
507,506,No,No
518,510,No,No
522,512,No,No
524,516,No,No
533,516,No,No
542,523,No,No
542,524,No,No
528,525,No,No
553,526,No,No
536,528,No,No
539,531,No,No
546,531,No,No
539,533,No,No
639,535,No,No
538,537,No,No
569,538,No,No
540,539,No,No
555,539,No,No
639,542,No,No
582,551,No,No
594,560,No,No
581,567,No,No
586,567,No,No
603,567,No,No
574,571,No,No
604,575,No,No
587,580,No,No
611,582,No,No
606,583,No,No
585,584,No,No
598,585,No,No
618,585,No,No
628,585,No,No
673,592,No,No
693,592,No,No
670,594,No,No
641,596,Yes,No
693,596,No,No
711,596,No,No
598,597,No,No
607,597,No,No
600,598,No,No
619,603,No,No
635,603,No,No
635,604,No,Yes
648,604,No,No
673,604,No,No
608,605,No,No
628,605,No,No
625,607,No,No
633,612,No,No
667,612,No,No
636,618,No,No
634,619,No,No
676,620,No,No
648,621,No,No
629,627,No,No
629,628,No,No
689,633,No,No
691,633,No,No
651,637,No,No
648,647,No,No
667,647,No,No
658,649,No,No
673,665,No,No
703,666,No,No
675,669,No,No
680,671,No,No
688,672,No,No
787,672,No,No
719,675,No,No
717,680,No,No
728,686,No,No
710,687,No,No
690,689,No,No
691,690,No,No
726,691,No,No
708,692,No,No
787,692,No,No
711,693,No,No
728,694,No,No
708,696,No,No
704,703,No,No
731,706,No,No
753,706,No,No
714,708,No,No
712,709,No,No
712,711,No,No
788,714,No,No
738,715,No,No
718,716,No,No
730,718,No,No
761,726,No,No
748,732,No,No
748,733,No,No
738,734,No,No
743,738,No,No
767,743,No,No
771,743,No,No
745,744,No,No
851,747,No,No
777,753,No,No
813,757,No,No
783,758,No,No
785,762,No,No
765,763,No,No
767,763,No,No
836,764,No,No
826,769,Yes,No
787,774,No,No
781,775,No,No
781,780,No,No
784,781,No,No
795,781,No,No
801,781,No,No
859,782,No,No
809,785,No,No
795,789,No,No
816,791,No,No
829,794,No,No
834,794,No,No
817,795,No,No
817,797,No,No
811,799,No,No
820,800,No,No
841,800,No,No
874,808,No,No
834,809,No,No
850,817,No,No
855,817,No,No
838,819,No,No
830,829,No,No
857,830,No,No
832,831,No,No
834,833,No,No
958,834,No,No
837,836,No,No
847,840,No,No
892,841,No,No
910,841,No,No
903,846,No,No
883,847,No,No
886,850,No,No
876,851,No,No
877,855,No,No
868,857,No,No
869,858,No,No
887,868,No,No
891,871,No,No
935,872,No,No
969,875,No,No
916,879,No,No
966,883,No,No
912,888,No,No
951,891,No,No
912,895,No,No
925,898,No,No
944,905,No,No
995,909,No,No
911,910,No,No
949,923,No,No
927,926,No,No
954,931,No,No
934,933,No,No
954,934,No,No
1030,935,No,No
1122,939,No,No
1122,940,No,No
948,944,No,No
947,946,No,No
1091,948,No,No
1091,955,No,No
1091,956,No,No
1094,956,No,No
960,959,No,No
963,961,No,No
977,963,No,No
978,963,No,No
1005,965,No,No
992,968,No,No
1005,970,No,No
972,971,No,No
994,972,No,No
1016,972,No,No
1081,972,No,No
1094,974,No,No
998,976,Yes,No
1015,976,No,No
982,977,No,No
1072,980,No,No
993,981,No,No
1012,985,No,No
1029,988,No,No
1004,992,No,No
1019,999,No,No
1102,1002,No,No
1101,1010,No,No
1168,1014,No,No
1038,1019,No,No
1152,1028,No,No
1057,1033,No,No
1106,1040,No,No
1067,1041,No,No
1121,1041,No,No
1134,1059,No,No
1083,1061,No,No
1089,1065,No,No
1110,1067,No,No
1124,1069,No,No
1076,1075,No,No
1210,1076,No,No
1129,1085,No,No
1141,1072,No,No
1094,1091,Yes,No
1144,1091,No,No
1175,1091,No,No
1105,1093,No,No
1139,1113,No,No
1165,1122,No,No
1133,1125,No,No
1148,1132,No,No
1195,1136,No,No
1162,1142,No,No
1144,1143,No,No
1153,1145,No,No
1182,1159,No,No
1165,1161,No,No
1171,1162,No,No
1241,1172,No,No
1270,1174,No,No
1235,1175,No,No
1194,1177,No,No
1179,1178,No,No
1199,1180,No,No
1186,1182,No,No
1191,1183,No,No
1250,1184,Yes,No
1192,1185,Yes,No
1194,1185,No,No
1224,1188,No,No
1221,1196,No,No
1218,1198,No,No
1207,1200,No,No
1247,1201,No,No
1235,1205,No,No
1236,1205,No,No
1316,1211,No,No
1219,1218,No,No
1296,1218,No,No
1274,1223,No,No
1288,1223,No,No
1264,1225,No,No
1279,1228,No,No
1295,1228,No,No
1252,1233,No,No
1252,1234,No,No
1264,1236,No,No
1298,1238,No,No
1268,1239,No,No
1280,1244,No,No
1261,1245,No,No
1262,1249,No,No
1276,1250,Yes,No
1261,1252,No,No
1272,1263,No,No
1266,1264,No,No
1290,1264,No,No
1307,1265,No,No
1276,1268,No,No
1320,1268,No,No
1299,1269,No,No
1320,1269,No,No
1316,1277,No,No
1286,1278,No,No
1304,1278,No,No
1281,1279,No,No
1303,1281,No,No
1294,1282,No,No
1298,1292,No,No
1316,1292,No,No
1304,1302,No,No
1312,1304,No,No
1313,1307,No,No
1323,1307,No,No
1329,1308,No,No
1313,1312,No,No
1354,1313,No,No
1328,1319,No,No
1332,1321,No,No
1330,1327,No,No
1345,1330,No,No
1350,1336,No,No
1340,1339,No,No
1353,1341,No,No
1343,1337,No,No
1348,1338,No,No
1353,1344,No,No
1360,1346,No,No
1361,1346,No,No
1369,1348,No,No
1354,1352,No,No
1368,1359,No,No
63,105,No,No
862,717,No,No
499,519,No,No
499,455,No,No
311,379,No,No
1184,1271,No,No
46,37,No,No
1074,842,No,No
901,751,No,No
751,710,No,No
593,514,No,No
