from,to,passes,gravity,gravity_rd,gravity_dur,log10_gravity,distance,from_ctry,to_ctry,sp_distance,duration,speed_kmh,speed_kmh_imp,duration_imp,border_dist,border_time,total_time,total_time_imp,rugg,pop_wpop,pop_wpop_km2,cost_km,cost_km_adj,upgrade_cat,ug_cost_km,add,ug_cost
1,2,104.333333333333,215.330292562155,157.522826532098,180.612749591116,2.33310513046056,65988,SEN,SEN,43272.2243477175,46.15,85.7915492957747,100,39.5928,0,0,46.15,39.5928,25203.64453125,670689.375,2262.98018567153,699437.03984463,48570.19267527,Asphalt Mix Resurfacing,165533.432763229,FALSE,10923220.16118
6,7,141,23.7297901765288,17.8358342452276,22.6193327535725,1.3752938981171,313979.5,ESH,MAR,247859.897052163,254.5,74.0226719056975,100,188.3877,354577.9375,1254.69228,1509.19228,1443.07998,32235.525390625,58482.1328125,32.4488236023982,503479.040055281,34873.7333547209,Mixed Works,271039.549896426,FALSE,85100862.3567049
9,10,54,14.6314881012882,10.7149534878732,12.7784662586485,1.1652884984638,133228,CIV,CIV,114944.963761028,116.4,68.6742268041237,100,79.9368,0,0,116.4,79.9368,5606.072265625,363629.96875,466.997928277561,510762.060303799,35463.1390603906,Mixed Works,274960.242463544,FALSE,36632403.182933
18,19,226,282.935572437287,214.969758152951,277.139729660846,2.45168755311982,118365,GHA,GHA,103948.594932945,86.3,82.2931633835458,100,71.019,0,0,86.3,71.019,13171.91796875,1368300.5,1931.50108197058,638391.23193558,44330.7740276219,Asphalt Mix Resurfacing,151085.92489142,FALSE,17883285.4997729
22,23,621,458.261077161331,333.467037266659,444.760666640768,2.66111297159803,161349,BFA,GHA,135202.366530895,121.25,79.8428041237113,100,96.8094,774799.09375,3649.74999,3770.99999,3746.55939,10741.59375,257034.828125,281.708329964345,529055.070752291,36728.8712046913,Mixed Works,284807.979754983,FALSE,45953482.7254868
6,27,20,1.23930529976941,0.925368801691143,0.756206529154033,0.0931783069186235,216845,ESH,ESH,155608.120636636,201.2,64.6655069582505,100,130.107,0,0,201.2,130.107,39988.59375,90817.640625,84.9934120489332,559848.771132138,38839.7516467265,Mixed Works,301385.255126134,FALSE,65353885.6478265
29,30,122,177.76766080283,89.5422654892807,106.894385907321,2.24985275768987,52690.5,DZA,DZA,42929.6448713745,47.45,66.6265542676502,100,31.6143,0,0,47.45,31.6143,102480.53125,1198788,4028.55676413176,869225.955019126,60361.6400951742,Mixed Works,467933.305785296,FALSE,24655639.8484801
32,33,232,167.260814807195,123.137245899543,154.153705092079,2.22339420810946,89102.5,NGA,NGA,74234.8746220459,66.05,80.9409538228615,100,53.4615,0,0,66.05,53.4615,11906.6416015625,1316382.875,2639.46161965566,647658.925245251,44974.8661543578,Asphalt Mix Resurfacing,153279.278974709,FALSE,13657566.954844
32,34,379.666666666667,147.299205903054,108.942338961094,137.819666878634,2.16820040554697,54628,NGA,NGA,46634.2796254837,40.85,80.236964504284,100,32.7768,0,0,40.85,32.7768,8756.8994140625,335583.4375,1042.61070019813,576855.012688713,40056.1116940708,Asphalt Mix Resurfacing,136522.353002995,FALSE,7457943.09984761
34,35,1109,1818.80458626645,1290.72462328753,1696.67422730691,3.25978604064397,51755.5,NGA,NGA,47081.9799942888,36.65,84.7293315143247,100,31.0533,0,0,36.65,31.0533,4982.03271484375,358838.96875,1100.6403473017,541590.487618286,37607.5473885557,Asphalt Mix Resurfacing,128176.415402994,FALSE,6633834.46738966
36,37,201.6,354.411511225989,267.013744623889,355.592847009358,2.54950781925547,151759,NGA,NGA,133381.346673722,116.2,78.3609294320138,100,91.0554,0,0,116.2,91.0554,4976.0107421875,2391127.25,2637.39400485278,583241.583662371,40501.5826639723,Mixed Works,313978.385871576,FALSE,47649045.8614845
37,38,147,477.900126640363,330.866480920616,431.640296890679,2.67933714560597,55641,NGA,NGA,49321.9055053007,41.75,79.9631137724551,100,33.3846,0,0,41.75,33.3846,17502.669921875,1247005,3677.77014882706,697695.77800543,48449.9760664613,Mixed Works,375592.893826256,FALSE,20898364.2053867
22,39,1168,238.038229409854,181.025598108102,232.178642422441,2.37664671120967,96886.5,BFA,BFA,89006.9604678927,73.05,79.5782340862423,100,58.1319,0,0,73.05,58.1319,26199.951171875,173725.375,289.139281601073,590101.156844329,40967.2226382372,Mixed Works,317671.122767864,FALSE,30778043.2360487
41,42,561.333333333333,631.498931903175,463.440324557015,624.309180625409,2.80037262034036,59962,NGA,NGA,40820.03028791,43.2,83.2805555555556,100,35.9772,0,0,43.2,35.9772,66924.1328125,924446.8125,3271.16229425194,811408.857757455,56346.3734083345,Asphalt Mix Resurfacing,192033.429669264,FALSE,11514708.5098284
36,45,60,62.1324065668054,48.5774549538888,59.6403541861607,1.79331817541325,81655,NGA,NGA,69864.409762143,76.85,63.7514638906962,100,48.993,0,0,76.85,48.993,28587.0390625,1235908.5,2630.0859046823,719218.13811796,49944.0902067846,Mixed Works,387179.097686835,FALSE,31615109.2216185
46,47,1240,1797.48738728385,1131.49764986803,1423.30012296171,3.25466585168232,39461,NGA,CMR,34976.6298475612,28.55,82.9302977232925,100,23.6766,1944034.6875,7592.57175,7621.12175,7616.24835,17123.140625,60506.59375,247.37377377277,617725.094374256,42882.8682147606,Asphalt Mix Resurfacing,146194.939001907,FALSE,5768998.48795425
47,48,1329,2002.30301659727,1239.43241772921,1547.50709428428,3.30152980165377,37300,CMR,CMR,34221.7712954951,26.3,85.0950570342205,100,22.38,0,0,26.3,22.38,42810.80078125,14994.5244140625,62.5030363447963,614052.042063957,42585.009743069,Asphalt Mix Resurfacing,145325.649955136,FALSE,5420646.74332657
48,49,771.25,1031.48735536108,639.420666431752,817.24681292662,3.01346390847925,144533,CMR,CMR,100738.966694282,102.65,84.4810521188505,100,86.7198,0,0,102.65,86.7198,59266.69921875,203587.5625,301.817547141125,653200.532429743,45348.3960663626,Asphalt Mix Resurfacing,154590.792675039,FALSE,22343471.0377014
48,50,196,670.95640680559,443.216007501546,539.638998218681,2.82669430422443,215410,CMR,CMR,151194.244494943,224.1,57.6733601070951,100,129.246,0,0,224.1,129.246,52845.83984375,130222.2109375,125.975126683682,598392.628938413,41527.1250607659,Upgrade,506639.09250119,FALSE,109135126.915681
50,51,203,742.194577675461,496.027508238278,605.461604418485,2.87051777715608,52578,CMR,CMR,38280.0714252111,40.85,77.2259485924113,100,31.5468,0,0,40.85,31.5468,7163.97314453125,598569.625,2247.95973186733,601098.673652286,41741.3854412134,Mixed Works,323591.45264948,FALSE,17013791.3974044
51,52,137.75,307.180418846305,181.25658894015,228.3565322922,2.48739352822785,70921,CMR,CMR,56519.83950036,55.25,77.0182805429864,100,42.5526,0,0,55.25,42.5526,5863.8583984375,1164988,3027.08117587522,601852.555074442,41794.142928479,Mixed Works,323997.292148408,FALSE,22978211.9564572
52,53,145,11.812218983908,7.53775231919217,9.75280593667548,1.0723314896494,111073.5,CMR,CMR,98522.7776847473,78.9,84.4665399239544,100,66.6441,0,0,78.9,66.6441,9738.3671875,57468.1171875,86.2870690261115,473159.9017446,32826.160181819,Asphalt Mix Resurfacing,111981.176746222,FALSE,12438141.2353215
55,56,1084,1141.16256028091,650.466108772246,818.873787285405,3.05734751471118,38642,CMR,CMR,32814.4887715854,28.15,82.363055062167,100,23.1852,0,0,28.15,23.1852,58226.47265625,724485.875,3126.28288460532,887329.485424229,61618.4280660981,Asphalt Mix Resurfacing,206077.345441219,FALSE,7963240.78253958
56,57,1183,1198.59899991521,643.474175248059,796.53841509676,3.0786739109948,56016.5,CMR,CMR,45221.3954884634,40.15,83.7108343711083,100,33.6099,0,0,40.15,33.6099,40687.47265625,2084217,6763.67752361921,813046.045972185,56460.82146792,Asphalt Mix Resurfacing,192420.89754675,FALSE,10778745.2074275
57,58,786,241.817143702504,128.685199937951,161.026337717653,2.38348708706019,101445,CMR,CMR,72650.5469375813,71.75,84.8320557491289,100,60.867,0,0,71.75,60.867,42116.8359375,32117.9296875,65.6546893334507,551276.083758908,38233.9033682191,Asphalt Mix Resurfacing,130468.673156275,FALSE,13235394.5483383
57,61,397,956.78185621271,514.788975310109,635.512077379107,2.98081293104503,109390.5,CMR,CMR,74874.2950569229,77.25,84.9634951456311,100,65.6343,0,0,77.25,65.6343,28782.46875,20192.33203125,40.2494912000018,505609.003254412,35038.5688830528,Asphalt Mix Resurfacing,119660.797436877,FALSE,13089754.4620187
62,63,468,295.494991096668,165.435030196889,185.315379785236,2.47055012360132,143811,COD,COD,78485.2037794746,207.6,41.5638728323699,100,86.2866,0,0,207.6,86.2866,99298.5703125,23400.623046875,44.4060299792514,591420.893007761,40993.2249722331,Upgrade,500736.356079904,FALSE,72011396.1042071
63,64,272,790.308420529563,505.063132296853,556.729065382268,2.89779660925802,44423,COD,COD,38298.8159959074,31.8,83.8169811320755,100,26.6538,0,0,31.8,26.6538,28387.779296875,27310.0234375,102.865096879948,609476.458132771,42289.9632474653,Asphalt Mix Resurfacing,144242.761758089,FALSE,6407696.20557959
64,65,279,684.270210592574,441.477905239272,470.616820667755,2.83522763358557,77317,AGO,COD,62525.2003041267,113.35,40.9265108072342,100,46.3902,2838028.75,8184,8297.35,8230.3902,66236.8125,64169.8515625,150.59771289123,624165.355302331,43320.4394875447,Upgrade,528460.00082264,FALSE,40858941.8836041
65,66,53,638.120172327552,411.451843635842,438.224603033506,2.80490247380601,138079,AGO,AGO,115140.927656824,131.3,63.0977913175933,100,82.8474,0,0,131.3,82.8474,21728.15625,64587.9609375,82.1606013105805,518853.31508831,35994.4475901226,Mixed Works,279316.034622539,FALSE,38567678.7446456
65,68,193.2,47.4896183609041,31.0814998840253,30.7431489386457,1.67659867949106,219986,AGO,AGO,174159.101502463,295.85,44.6143653878655,100,131.9916,0,0,295.85,131.9916,22206.8671875,166170.609375,139.442872806318,543907.194360142,37748.3978535708,Upgrade,460508.09122492,FALSE,101305332.956205
71,72,83,11.2090963193606,8.64972168299271,10.4824618425023,1.04957060105751,62204,NAM,NAM,56416.3121639678,39.55,94.3676359039191,100,37.3224,0,0,39.55,37.3224,113086.2109375,29460.54296875,77.0653631716048,629038.133573309,43635.3590407678,Asphalt Mix Resurfacing,148872.358279016,FALSE,9260456.17438791
72,73,107,14.4015749967294,10.7944190630892,13.4544808157272,1.15840999035806,117661,NAM,NAM,116083.131909822,73.85,95.5945836154367,100,70.5966,0,0,73.85,70.5966,60152.109375,38385.14453125,48.6460989829508,561137.370055592,38900.5324670684,Asphalt Mix Resurfacing,132802.510913157,FALSE,15625676.236553
73,74,42,2.49148104409861,1.81167244349938,2.26289719718224,0.396457587282836,198808.5,NAM,NAM,182671.500325894,126.55,94.2592651126037,100,119.2851,0,0,126.55,119.2851,118605.0390625,35533.4921875,28.7760953942698,582881.120082302,40360.491500646,Asphalt Mix Resurfacing,137948.531752811,FALSE,27425340.6749787
74,75,73,5.37492276509592,3.99730549279064,5.3764429884566,0.730372228041848,212959.5,NAM,NAM,180639.706223236,145.85,87.6076105587933,100,127.7757,0,0,145.85,127.7757,133510.453125,91120.5546875,74.431458406706,639827.125846846,44382.0642975255,Asphalt Mix Resurfacing,151425.753117087,FALSE,32247552.6709383
62,76,300,810.522908748819,429.902439937129,530.845996033589,2.90876529432654,119021,COD,COD,85015.6167938192,204.95,34.8439131495487,100,71.4126,0,0,204.95,71.4126,80621.4140625,41834.5234375,73.9464599223273,601917.192086123,41752.1061733369,Upgrade,509623.222632918,FALSE,60655865.5809925
76,77,622,1603.83340382797,958.717198094794,1089.17702718749,3.20515925449938,111365,COD,COD,89901.5520437282,79.05,84.5275142314991,100,66.819,0,0,79.05,66.819,40873.99609375,3167565.25,5266.78049864287,796380.939089418,55303.3394241256,Asphalt Mix Resurfacing,188476.822251162,FALSE,20989721.3100007
73,78,65,11.9100939526308,8.98274661958978,11.191583618545,1.07591518742301,175044.5,NAM,NAM,169725.554571947,111.9,93.8576407506702,100,105.0267,0,0,111.9,105.0267,104809.3671875,54780.05859375,47.2807685819642,598380.827176184,41480.3638936051,Asphalt Mix Resurfacing,141616.79576503,FALSE,24789241.2062918
78,79,89.7777777777778,12.9506764013976,9.79783594851754,12.6111420990817,1.11229245179357,74393,NAM,NAM,69625.3214784026,53.55,83.3535014005602,100,44.6358,0,0,53.55,44.6358,115380.4609375,295647.21875,628.146597362333,752936.98879417,52280.2215426428,Asphalt Mix Resurfacing,178195.087347953,FALSE,13256467.1330763
79,80,29,4.49316781386949,3.6603004087789,5.28083512302901,0.652552639219887,653964,NAM,NAM,588019.927722427,449.15,87.3602137370589,100,392.3784,0,0,449.15,392.3784,89346.3046875,82435.953125,17.7634699677957,541713.504990505,37444.2741133049,Asphalt Mix Resurfacing,128205.529514419,FALSE,83841800.9033675
82,83,9,0.9913836905462,0.79094819367911,1.10403769368766,-0.00375823003854477,115461,ZAF,ZAF,105230.244319609,80.2,86.3798004987531,100,69.2766,0,0,80.2,69.2766,91010.671875,9456.1083984375,13.0427444673854,529704.120070731,36554.7487459753,Asphalt Mix Resurfacing,125363.308416739,FALSE,14474572.9531051
83,84,9,0.9913836905462,0.79094819367911,1.10403769368766,-0.00375823003854477,85174.5,ZAF,ZAF,72876.5432417882,60.6,84.3311881188119,100,51.1047,0,0,60.6,51.1047,173433.796875,25385.837890625,51.5685689108884,640275.116716875,44391.0216690196,Asphalt Mix Resurfacing,151531.777622993,FALSE,12906643.3931496
85,86,40,43.9855137093841,35.4990390656886,51.0524555717315,1.64330966848704,52536.5,ZAF,ZAF,48318.4158286916,38.05,82.8433639947438,100,31.5219,0,0,38.05,31.5219,59592.96484375,59910.53515625,182.841844339343,626484.057138934,43485.6719743162,Asphalt Mix Resurfacing,148267.893522881,FALSE,7789476.18806484
71,92,80,28.0685130529613,21.9412879408544,28.4141987065896,1.44821940622195,56652,NAM,NAM,52954.3781120623,35.95,94.5513212795549,100,33.9912,0,0,35.95,33.9912,124501.609375,39508.44140625,108.67418465439,654996.115087523,45450.440842975,Asphalt Mix Resurfacing,155015.74723738,FALSE,8781952.11249205
92,93,80,28.0685130529613,21.9412879408544,28.4141987065896,1.44821940622195,389163,NAM,NAM,331955.646157927,276.6,84.417136659436,100,233.4978,0,0,276.6,233.4978,25266.45703125,39792.37890625,16.2036342970639,462106.302691269,31927.7812642344,Asphalt Mix Resurfacing,109365.1583036,FALSE,42560873.1009039
93,94,133,38.9372655916002,30.9543438039385,41.1047039113114,1.59036544949073,270332,NAM,BWA,262670.209878034,191.5,84.6993211488251,100,162.1992,612644.25,1348.673076,1540.173076,1510.872276,21352.65234375,25206.931640625,13.5870913219094,446560.609790804,30824.5207083028,Asphalt Mix Resurfacing,105686.010983824,FALSE,28570310.7212791
95,96,73,56.4030304721979,43.3654549393947,55.9464421541825,1.7513024387705,183756,BWA,ZAF,160459.135462415,137.4,80.2427947598254,100,110.2536,850456.75,1782.173076,1919.573076,1892.426676,206445.125,211411.9375,192.318540335603,730329.186629587,50694.9518466457,Asphalt Mix Resurfacing,172844.574169002,FALSE,31761227.5709991
101,102,24.6666666666667,20.8704249520507,16.8436508893915,24.3210729550427,1.31953129201954,180066.5,EGY,EGY,145710.591186173,147.85,73.0739939127494,100,108.0399,0,0,147.85,108.0399,5372.908203125,852118.3125,853.874238734993,534866.83898855,37139.8353324638,Mixed Works,287936.648322169,FALSE,51847744.4851038
101,103,95.34375,78.7732552195983,64.6246185489258,98.9035700009894,1.89637879259002,352852,EGY,EGY,295741.82331653,244.75,86.5010010214505,100,211.7112,0,0,244.75,211.7112,33862.42578125,3801889,1777.91907224704,709967.219890052,49300.92275229,Asphalt Mix Resurfacing,168025.575373979,FALSE,59288160.3218592
104,105,115,106.860369690927,87.5675438090262,126.382911977862,2.02881667232164,69795,ZAF,ZAF,57211.7786671676,51.6,81.1569767441861,100,41.877,0,0,51.6,41.877,343447.71875,6879.119140625,17.5915541879903,636215.086965265,43974.4579816635,Asphalt Mix Resurfacing,150570.903915113,FALSE,10509096.2387553
91,107,689,242.035098233477,175.585094462292,238.473459510857,2.38387834888893,57223,ZMB,ZMB,48712.2023676145,47.85,71.7529780564263,100,34.3338,0,0,47.85,34.3338,114941.2421875,758830.8125,2264.50846049602,839179.841645322,58274.190968966,Mixed Works,451758.481419064,FALSE,25850975.5822431
107,108,566,227.899084742309,167.142686158223,227.515230776477,2.35774258102872,317239.5,ZMB,ZWE,266896.530244734,205.25,92.737490864799,100,190.3437,716145.84375,5214.000225,5419.250225,5404.343925,178685.34375,102195.1640625,53.415459447561,644459.930912456,44683.6586107379,Asphalt Mix Resurfacing,152522.183649281,FALSE,48386061.2798061
108,109,363,200.188639651674,147.98575976095,202.722664075848,2.30143942840515,116983,ZWE,ZWE,104826.965452758,91.2,76.9625,100,70.1898,0,0,91.2,70.1898,102976.4140625,383773.125,532.069284463055,732342.091122161,50848.9733296137,Mixed Works,394244.159054096,FALSE,46119864.4586253
113,114,153,188.889898970699,141.795236936532,149.095574782343,2.27620873431898,406712,SDN,SDN,364415.122646728,376.4,64.8318809776833,100,244.0272,0,0,376.4,244.0272,17817.669921875,499842.21875,185.96450921991,542763.322009859,37674.7193537907,Mixed Works,292187.58834864,FALSE,118836198.432452
96,116,87,22.9174877495514,17.9209339940281,25.6731636759961,1.36016700787186,116467.5,ZAF,ZAF,102562.217556663,83.45,83.7393648891552,100,69.8805,0,0,83.45,69.8805,97969.7265625,370295.125,530.841880555018,727832.418880132,50535.8329936508,Asphalt Mix Resurfacing,172253.672468297,FALSE,20061954.5982014
116,117,21,5.95644573932544,4.86127844999998,6.843766281296,0.774987189900496,119778.5,ZAF,ZAF,102208.338870092,81,88.7248148148148,100,71.8671,0,0,81,71.8671,132208.78125,548009.9375,772.600565906553,778904.145837253,54084.6189199597,Asphalt Mix Resurfacing,184340.647848149,FALSE,22080046.2882795
117,118,48,86.74864746097,71.3365977384555,101.749811119391,1.93826271222583,31971.5,ZAF,ZAF,27981.6257864139,21.45,89.4307692307692,100,19.1829,0,0,21.45,19.1829,140214.234375,86854.09375,431.074475022955,833333.384401115,57858.9772751561,Asphalt Mix Resurfacing,197222.234308264,FALSE,6305490.66418666
119,120,67,115.712826059588,91.980108526846,128.600167448652,2.06338150050902,188110.5,ZAF,MOZ,159591.04196459,139.65,80.8208378088078,100,112.8663,1025520.84375,2373,2512.65,2485.8663,224130.046875,1168039.625,1063.90262974901,852688.10444044,59209.7231972849,Asphalt Mix Resurfacing,201802.851384237,FALSE,37961235.2753145
123,124,264.333333333333,90.5082298911934,60.9878764691663,64.9276941778282,1.95668807129169,65724.5,COD,RWA,49064.4597495018,56.95,69.2444249341528,100,39.4347,2257262.375,7248.249975,7305.199975,7287.684675,245595.109375,632167.0625,1878.89739521638,904766.727499431,62828.1811320277,Mixed Works,468753.398433196,FALSE,30808582.7353226
124,125,221.4,71.5663142347753,47.8858137112634,50.953875878712,1.85470865101697,107823,RWA,UGA,47665.2995837017,99.6,64.9536144578313,100,64.6938,546909.40625,3300.249975,3399.849975,3364.943775,305854.1875,300585.28125,918.837186899796,874150.110105872,60699.2563706278,Mixed Works,468753.398433196,FALSE,50542397.6792625
126,127,1143,401.663965942522,269.859803331783,311.981392823375,2.60386287207454,135206.5,UGA,UGA,118840.967074349,119,68.1713445378151,100,81.1239,0,0,119,81.1239,11808.490234375,992268.9375,1242.86623981349,606915.097244494,42144.0005724885,Mixed Works,326722.627349952,FALSE,44175022.9147913
103,128,81.5833333333334,490.141664828502,431.975115238479,592.418221826883,2.69032162158222,52861.5,EGY,EGY,47521.4788922595,42.6,74.4528169014085,100,31.7169,0,0,42.6,31.7169,52637,2600129.75,7886.28569376079,849576.776232585,58997.7513854304,Mixed Works,457355.497871875,FALSE,24176497.6507541
128,129,35.8571428571429,59.5928243181468,47.8525262894659,68.0968090350481,1.77519396868909,118782.5,EGY,EGY,90079.8447246115,90,79.1883333333333,100,71.2695,0,0,90,71.2695,76024.421875,86425.609375,144.025052411149,632187.472895982,43876.095153263,Mixed Works,340327.589575669,FALSE,40424961.9087719
102,130,13,25.9786688709145,22.8858584873913,29.8685480977845,1.41461689435722,202469,EGY,EGY,177624.896284337,154,78.884025974026,100,121.4814,0,0,154,121.4814,10857.8447265625,3464881,2807.73430443769,643904.550409028,44714.2403414838,Mixed Works,346635.282970193,FALSE,70182899.107692
130,131,14,52.1392919933083,43.1767039217992,55.3596959069749,1.71716512952723,60293,EGY,EGY,54689.0116935865,49.15,73.6028484231943,100,36.1758,0,0,49.15,36.1758,4796.93896484375,799183.6875,2135.46110687316,570359.435356642,39606.717951869,Mixed Works,307043.496033658,FALSE,18512573.5063573
132,133,544,373.597268715617,279.13057729655,326.617379447856,2.5724036925418,157161,KEN,KEN,137811.871102759,120.6,78.189552238806,100,94.2966,0,0,120.6,94.2966,71190.171875,1158984.75,1234.3997949608,752493.750827907,52252.9137039715,Mixed Works,405092.46919569,FALSE,63664737.5512638
135,136,240,47.7797280875973,31.2235644548761,35.7290339094144,1.67924367386945,199830.5,ETH,ETH,155501.385682472,192.25,62.3658257477243,100,119.8983,0,0,192.25,119.8983,171230.046875,1711896.375,1637.73548554295,856390.227988632,59468.458003723,Mixed Works,461023.406067214,FALSE,92126537.7461144
124,138,176.666666666667,63.4364580342868,42.9808082869694,45.7749816954019,1.80233892621516,93774,RWA,RWA,68220.6181790753,71.25,78.9675789473684,100,56.2644,0,0,71.25,56.2644,399250.28125,728422.1875,1585.2891819653,945345.979555596,65645.5075940328,Mixed Works,468753.398433196,FALSE,43956881.1846745
138,139,113,48.0668052313053,34.3496127675233,37.4787768489866,1.68184525762847,122936.5,BDI,RWA,88232.8888508479,141,52.3134042553192,100,73.7619,757492.53125,3907.5,4048.5,3981.2619,213332.546875,807962.625,1338.19945566808,864325.954945586,60018.824776034,Upgrade,731795.975187263,FALSE,89964435.9036089
139,140,722,248.18315721614,170.559054498981,191.181949537236,2.3947723050584,129983,BDI,TZA,92861.3074009041,106.6,73.1611632270169,100,77.9898,1532008.90625,7240.250025,7346.850025,7318.239825,178020.671875,93822.734375,151.524564766777,703151.953820071,48802.702489805,Mixed Works,378530.135139805,FALSE,49202482.5558773
140,141,683,184.499371099381,129.764573924758,146.293342292554,2.26599489012362,202631,TZA,TZA,186328.620182548,144.15,84.3417273673257,100,121.5786,0,0,144.15,121.5786,49839.984375,218877.734375,171.257506287011,609808.317973586,42326.8477466549,Asphalt Mix Resurfacing,144321.301920415,FALSE,29243969.7294356
143,144,437,308.429526752803,224.587904667706,258.126287538899,2.4891559474982,112683,TZA,TZA,96757.0428080356,94.35,71.6585055643879,100,67.6098,0,0,94.35,67.6098,38704.7265625,254526.203125,388.152427114482,634016.720905074,44019.3106761982,Mixed Works,341312.334753898,FALSE,38460097.8170735
144,145,306,634.14386781406,466.598228839526,549.022000069177,2.80218779717151,128048,TZA,TZA,112014.098465546,93.45,82.2138041733547,100,76.8288,0,0,93.45,76.8288,21854.212890625,1910087.25,2522.17901894126,693934.786386861,48188.2920213259,Asphalt Mix Resurfacing,164231.232778223,FALSE,21029480.8947859
134,146,357,79.2676244487071,58.2468688135457,75.3812265968908,1.89909584312746,107051,SDN,SDN,93599.6943648508,77.75,82.6117041800643,100,64.2306,0,0,77.75,64.2306,16472.8359375,263304.8125,423.572256048719,576496.858159643,40026.480421765,Asphalt Mix Resurfacing,136437.589764449,FALSE,14605780.421874
147,148,1383,722.057749775351,492.484279728081,614.341884986384,2.85857193358873,111933,ETH,ETH,77162.2808671228,80.9,83.0158220024722,100,67.1598,0,0,80.9,67.1598,77218.3984375,326513.96875,633.615683060613,718040.210984033,49857.2199830699,Asphalt Mix Resurfacing,169936.183266221,FALSE,19021466.8015379
149,150,220,77.9596786655501,51.283598691434,59.4462281384174,1.89187004037291,142679.5,ETH,DJI,107424.309453039,101.6,84.2595472440945,100,85.6077,959933.03125,3488.581725,3590.181725,3574.189425,278410.125,13360.77734375,18.4437918481697,622755.308070651,43053.239195292,Asphalt Mix Resurfacing,147385.422910054,FALSE,21028878.4480951
150,151,191,66.4981993006897,45.9795266713825,51.6150466778518,1.82280988523751,82061,DJI,DJI,68982.3106041256,59.95,82.1294412010008,100,49.2366,0,0,59.95,49.2366,176473.671875,456828.84375,969.790499211576,822083.842774662,57084.1548066369,Asphalt Mix Resurfacing,194559.842790003,FALSE,15965775.2591904
7,27,684,273.985410149609,83.5239759849416,77.2267659187508,2.43772743705317,216822,ESH,MAR,196767.779186629,162.6,80.0081180811808,100,130.0932,354577.9375,1254.69228,1417.29228,1384.78548,67046.3671875,355.647644042969,0.269514033273591,416277.62795464,25340.2449510063,Asphalt Mix Resurfacing,98519.0386159311,FALSE,21361094.9907834
103,160,21,525.547613871287,427.690967607328,591.306307517023,2.7206120686132,49349,EGY,EGY,40087.8707624072,35.95,82.3627260083449,100,29.6094,0,0,35.95,29.6094,29152.11328125,3098460.75,11218.4401021895,910309.765795004,63215.4770057988,Asphalt Mix Resurfacing,206077.345441219,FALSE,10169710.9201787
160,161,37.3333333333333,539.101738638057,437.83684685254,605.79622203355,2.73167073245875,76131.5,EGY,EGY,67446.9548449019,54.05,84.5123034227567,100,45.6789,0,0,54.05,45.6789,17797.828125,1256832.375,2758.71186796777,682222.929672868,47375.1328823756,Asphalt Mix Resurfacing,161459.426689245,FALSE,12292148.3429923
161,162,10,2.73061824313071,2.12121528424331,2.98864906765322,0.436260987400523,157472,EGY,EGY,138132.577175458,100.3,94.2005982053838,100,94.4832,0,0,100.3,94.4832,97174.7578125,264746.53125,280.122950626821,688765.610115131,47816.4594501267,Asphalt Mix Resurfacing,163007.861060581,FALSE,25669173.8969318
147,164,135.142857142857,27.8233398571308,19.4166793862341,23.2270429630831,1.44440926061154,352953,ETH,ERI,290831.641872072,340.2,62.2492063492064,100,211.7718,1024375,4298.3725875,4638.5725875,4510.1443875,235027.25,375311.3125,178.856140910692,737244.747889733,51173.2942106311,Mixed Works,396883.422613973,FALSE,140081194.66187
136,165,888,350.016197095307,245.405748511016,294.413367527502,2.54408814191129,93860.5,ETH,ETH,79561.2359285512,78.2,72.0157289002558,100,56.3163,0,0,78.2,56.3163,77193.546875,1863180.625,3501.40176571299,830213.286567911,57652.3010721628,Mixed Works,446931.485935725,FALSE,41949212.7356701
152,165,885.638888888889,311.202044740533,216.049589419676,259.351441372476,2.49304244184147,108541.5,ETH,ETH,91399.0504800979,77.25,84.3040776699029,100,65.1249,0,0,77.25,65.1249,57381.578125,493144.59375,785.481113831562,705659.279553119,48998.8173667582,Asphalt Mix Resurfacing,167006.029494238,FALSE,18127084.9503488
166,167,330,190.808856313696,138.023812196702,165.467133185105,2.28059852843362,132361.5,KEN,KEN,97715.3034351569,103.35,76.8426705370102,100,79.4169,0,0,103.35,79.4169,46356.4375,380042.71875,561.064700561671,668457.646932205,46413.6440936025,Mixed Works,359853.03326517,FALSE,47630687.2625278
133,167,680,349.410516870447,260.931352694977,284.281695351034,2.54333597262763,41596.5,KEN,KEN,38549.069573373,30.8,81.0321428571429,100,24.9579,0,0,30.8,24.9579,26396.08984375,1956655.5,7229.63493246799,866554.725238179,60176.704012293,Asphalt Mix Resurfacing,205084.618306369,FALSE,8530802.32538088
10,14,65,38.6164892169697,31.9967329206191,36.7155476237198,1.58677278774985,330069.5,CIV,CIV,294735.057027992,312.35,63.4037778133504,100,198.0417,0,0,312.35,198.0417,17967.166015625,1060221.75,493.544954737564,590138.42550879,40974.7848201946,Mixed Works,317691.185732232,FALSE,104860170.829045
14,168,570,1113.65450336532,830.395297599348,1022.58124391598,3.04675047759296,120336.5,CIV,CIV,93841.0860265928,100.45,71.8784469885515,100,72.2019,0,0,100.45,72.2019,7957.287109375,1018738.4375,1627.06909852744,592233.332832747,41125.1669569049,Mixed Works,318818.944174961,FALSE,38365555.8757102
31,34,1699.2,3991.46194498956,3044.72495025836,4121.85105449517,3.60113199301836,64366,NGA,NGA,52304.2172965243,45.15,85.5362126245847,100,38.6196,0,0,45.15,38.6196,3467.89013671875,966318,2693.68728538067,559512.642911388,38853.8188124913,Asphalt Mix Resurfacing,132417.992155695,FALSE,8523216.48309346
33,34,586,1991.73764007758,1612.96605759669,2233.67942445542,3.29923213078915,74672,NGA,NGA,68169.1197740027,52.15,85.9121764141898,100,44.8032,0,0,52.15,44.8032,19681.64453125,1633519.5,3562.21911392918,705671.916255025,49003.8250282602,Asphalt Mix Resurfacing,167009.020180356,FALSE,12470897.5549075
40,169,470,450.02563842783,354.027362565986,476.562035224131,2.65323725668768,63438,NGA,NGA,58633.7184518469,44.8,84.9616071428572,100,38.0628,0,0,44.8,38.0628,9724.2822265625,43160.296875,108.749476572993,482376.307237489,33472.3017057737,Asphalt Mix Resurfacing,114162.392712872,FALSE,7242233.86891917
44,171,493,416.754860563675,323.041019766719,432.608754764656,2.61988067365583,81571.5,NGA,NGA,67730.0914019091,59.3,82.5344013490725,100,48.9429,0,0,59.3,48.9429,44666.60546875,2458502.5,5386.03792143176,806439.069140995,56001.8294144608,Asphalt Mix Resurfacing,190857.246363369,FALSE,15568511.8717296
42,172,536,437.537486077071,299.933369946147,389.545149822909,2.64101526718463,56883,NGA,NGA,47221.0028451455,40.45,84.3752781211372,100,34.1298,0,0,40.45,34.1298,20891.69140625,545251.6875,1672.35048025115,666515.990149408,46283.4808575253,Asphalt Mix Resurfacing,157742.117668693,FALSE,8972844.87934826
172,173,534.333333333333,423.160957938224,289.764871530969,376.983181749643,2.62650559160236,67731,NGA,NGA,60597.0592986913,47.95,84.7520333680918,100,40.6386,0,0,47.95,40.6386,11012.98046875,199552.671875,482.616810753876,555418.134404649,38563.9182088067,Asphalt Mix Resurfacing,131448.958475767,FALSE,8903169.40652217
173,174,571.125,359.825389688869,251.946596737813,332.737510043858,2.55609180440347,149451.5,NGA,NGA,123929.969569448,105.6,84.915625,100,89.6709,0,0,105.6,89.6709,57625.20703125,633512.5,744.61790108181,702823.445346454,48801.6162976149,Asphalt Mix Resurfacing,166334.882065327,FALSE,24858997.6269862
174,175,503,219.685046735983,157.766092258877,209.649140502112,2.34180049687927,126075.5,NGA,NGA,113425.784338477,89.3,84.7091825307951,100,75.6453,0,0,89.3,75.6453,126266.921875,477780.78125,610.671517743854,759307.441578844,52722.350456566,Asphalt Mix Resurfacing,179702.76117366,FALSE,22656115.4663498
55,176,115,85.3466489996326,50.5938594980611,55.9823862586837,1.93118647390373,290397,CMR,CMR,237928.39304119,219.7,79.3073281747838,100,174.2382,0,0,219.7,174.2382,16694.52734375,37736.25390625,22.6768820733546,451788.666227895,31259.3425979553,Mixed Works,243212.898652683,FALSE,70628296.1300432
176,177,326,185.382892990124,108.464142129238,123.031418207081,2.26806965525198,253881.5,CMR,CMR,181593.556774339,179.85,84.6977481234362,100,152.3289,0,0,179.85,152.3289,11751.66796875,57550,46.3635208657098,459445.00334059,31848.0830586733,Asphalt Mix Resurfacing,108735.317457273,FALSE,27605885.4990287
17,178,92,89.0866874937563,69.926063679175,92.2706685737741,1.94981281088359,208175,BFA,GHA,191351.885216308,157.3,79.4055944055944,100,124.905,774799.09375,3649.74999,3807.04999,3774.65499,8781.2353515625,1120001.375,852.007010480872,567239.5425717,39387.7075167643,Mixed Works,305363.953751099,FALSE,63569141.072135
98,156,24.9166666666667,1.14552520904719,0.862917213074451,1.08596761117654,0.0590046509497922,1522343,DZA,NER,1268300.03967558,1528.9,59.7426777421676,100,913.4058,921649.315625,4472.21421,6001.11421,5385.62001,30546.669921875,70351.8125,6.55581733198049,440817.107903062,30245.1196793186,Upgrade,373225.151357926,FALSE,568176696.593679
23,178,101,27.5119042144171,20.7989072764962,26.8478463756096,1.43952065077476,80815,GHA,GHA,74179.0270375195,66.75,72.6426966292135,100,48.489,0,0,66.75,48.489,20296.876953125,186486.296875,373.599038917264,584862.161953754,40606.2006209625,Mixed Works,314850.797185104,FALSE,25444667.1745142
41,179,141.5,192.862616537098,150.007114802977,193.165344019916,2.28524805447102,45532,NGA,NGA,39079.3836229584,35.75,76.4173426573427,100,27.3192,0,0,35.75,27.3192,38669.4296875,231000.125,849.705800806074,756304.399240607,52515.8882554608,Mixed Works,407143.86825786,FALSE,18538074.6095169
41,180,5,0.568514760243963,0.427868350996457,0.502228224363167,-0.245258255322263,43963.5,NGA,NGA,35041.4642277105,32.35,81.5397217928903,100,26.3781,0,0,32.35,26.3781,34858.8984375,494147.53125,2016.79518366473,803847.077236897,55820.3616213978,Asphalt Mix Resurfacing,190243.808279399,FALSE,8363783.66529136
42,179,32,84.1040841374979,64.796722993042,82.8227438309635,1.92481708587296,73477,NGA,NGA,49491.2283744444,67.8,65.0238938053098,100,44.0862,0,0,67.8,44.0862,38935.984375,407397.125,1200.92563685285,698297.662061225,48489.4624825317,Mixed Works,375916.908076292,FALSE,27621246.6547217
181,182,495,393.267349340631,257.941882623861,323.637017720361,2.59468789100721,31120,NGA,NGA,29576.5607684977,22.25,83.9191011235955,100,18.672,0,0,22.25,18.672,11826.8974609375,72750.1875,343.9228200392,607620.069058188,42185.4259089032,Asphalt Mix Resurfacing,143803.416343771,FALSE,4475162.31661815
46,182,1236,1766.68134828017,1115.51277720393,1404.84320820349,3.24715822400409,52307,NGA,NGA,45459.3505325881,36.9,85.0520325203252,100,31.3842,0,0,36.9,31.3842,8646.759765625,82425.1328125,264.828886367043,512769.806712318,35597.608567013,Asphalt Mix Resurfacing,121355.520921915,FALSE,6347743.23286261
133,183,209,98.9294570371082,72.317109555945,84.8865999853686,1.99532562550888,269249,KEN,TZA,231779.745511214,204.1,79.1520823125919,100,161.5494,1392343.75,6551.25,6755.35,6712.7994,108333.453125,1237614.625,725.338122931271,756444.665866693,52524.7282520487,Mixed Works,407219.378458237,FALSE,109643410.430502
142,184,346,98.5314779149538,67.7175003707199,79.4732990814005,1.99357499700363,257948.5,TZA,TZA,177435.041798173,193.75,79.8808258064516,100,154.7691,0,0,193.75,154.7691,109272.25,332750.09375,275.931064986194,697640.414996306,48432.3562329444,Mixed Works,375563.090073011,FALSE,96875935.7396981
127,187,539,125.199814534295,84.6565278459122,87.907396503273,2.09760368552943,197709,UGA,UGA,174307.168979201,179.25,66.1787447698745,100,118.6254,0,0,179.25,118.6254,29711.568359375,1279632.5,1058.09847060291,668774.20115265,46438.9239016479,Mixed Works,360023.444953842,FALSE,71179875.2783791
33,35,67,200.153608463565,139.513895635799,179.886656106025,2.30136342417726,78587.5,NGA,NGA,68388.1893979444,71.45,65.9937018894332,100,47.1525,0,0,71.45,47.1525,11741.73828125,1574740.375,3419.88000672216,660964.990966647,45899.2059377269,Mixed Works,355819.486803711,FALSE,27962963.9191866
37,45,98,275.057368952509,206.908990880116,276.521820223567,2.43942328445227,95827,NGA,NGA,82512.8691990219,70.15,81.9617961511048,100,57.4962,0,0,70.15,57.4962,5198.703125,1129130.375,2049.40754248459,573882.090096453,39851.2704447946,Asphalt Mix Resurfacing,135818.761322827,FALSE,13015104.4412825
45,189,50,77.3866038250324,59.0628832424555,78.2719723792076,1.88866578770619,84439.5,NGA,NGA,68863.5969087809,62.85,80.6105011933174,100,50.6637,0,0,62.85,50.6637,47682.41015625,654305.1875,1407.52117192541,725198.211209031,50357.9467684267,Asphalt Mix Resurfacing,171630.243319471,FALSE,14492371.9307745
190,191,602,288.991752090653,204.801318286476,264.881371240091,2.46088544804156,107893.5,NGA,NGA,96027.006374636,79.85,81.0721352536005,100,64.7361,0,0,79.85,64.7361,39186.453125,228121.234375,352.204017228872,629748.797216497,43722.0172860573,Asphalt Mix Resurfacing,149040.548674571,FALSE,16080506.4384198
42,180,85,122.930823497888,89.1711773428732,114.828892906408,2.08966079091455,56293,NGA,NGA,45481.2417944306,42.8,78.9154205607477,100,33.7758,0,0,42.8,33.7758,23030.076171875,886689.8125,2828.69387896741,705151.04146541,48967.3511319819,Mixed Works,379606.310655545,FALSE,21369178.0457326
36,189,1012,1610.25094434089,1053.87607220267,1349.68011000538,3.20689356252251,107080,NGA,NGA,86458.2128814392,85.65,75.0122591943958,100,64.248,0,0,85.65,64.248,25958.970703125,758444.5625,1311.44345343557,670131.758583003,46533.9126783133,Mixed Works,360754.263370516,FALSE,38629566.5217149
177,192,446,112.876721129697,67.0991449553761,77.7378741856079,2.05260438543834,248296,CMR,CMR,190461.598801451,176.4,84.4544217687075,100,148.9776,0,0,176.4,148.9776,29480.857421875,86911.1015625,66.9897010052765,529067.802484488,36694.5746211019,Asphalt Mix Resurfacing,125212.713254662,FALSE,31089815.8502796
49,54,556,673.150911589928,397.989935110045,497.309369776523,2.82811243825607,72953.5,CMR,CMR,53277.3550935864,74.45,58.7939556749496,100,43.7721,0,0,74.45,43.7721,136337.296875,265303.375,722.732020601591,777368.120589051,53977.5530164249,Upgrade,658171.675432063,FALSE,48015927.323633
129,162,129.636363636364,123.032935938569,98.53564487369,139.855005630083,2.0900213877128,115705,EGY,EGY,62902.3772947378,87.6,79.25,100,69.423,0,0,87.6,69.423,215148.765625,3112.49194335938,7.3386346448111,561863.197622024,38596.8908436838,Mixed Works,302469.688053189,FALSE,34997255.2561942
52,194,104,325.38031339035,192.555315216047,242.820612628065,2.51239127311043,84177.5,CMR,CMR,76192.4249061529,60.1,84.0374376039934,100,50.5065,0,0,60.1,50.5065,15786.3515625,25397.591796875,49.8580664170891,478898.252462576,33200.7339936,Asphalt Mix Resurfacing,113339.25308281,FALSE,9540614.97637824
56,194,93.6,296.081385571709,178.153855497305,225.525749388801,2.47141110445918,95706.5,CMR,CMR,77218.5397225852,68.65,83.647341587764,100,57.4239,0,0,68.65,57.4239,53262.48046875,1226332.25,2374.08066795023,768266.825949375,53349.9531750186,Asphalt Mix Resurfacing,181823.148808019,FALSE,17401657.1913947
194,195,13,36.6236597733013,18.0018246484269,21.6185790490804,1.56376174083767,86428,CMR,CMR,70608.547933055,79.8,64.9834586466166,100,51.8568,0,0,79.8,51.8568,21870.546875,27255.41796875,57.1914844735942,503738.404456977,34930.3296673897,Mixed Works,271179.174399339,FALSE,23437473.6849861
58,195,27,37.764270882015,18.601153964993,22.2254451704291,1.57708110415369,76372,CMR,CMR,58988.3536717121,70.9,64.6307475317348,100,45.8232,0,0,70.9,45.8232,27171.283203125,33230.97265625,83.2644751296642,533558.269254567,37015.0770276598,Mixed Works,287232.201615375,FALSE,21936497.7017694
66,196,190,168.799086192708,100.132579244401,92.1543358895914,2.22737009120825,174835.5,COD,AGO,108571.792698673,252.95,41.4711603083613,100,104.9013,2838028.75,8184,8436.95,8288.9013,27330.095703125,117960.9453125,160.380267242373,564251.962058487,39163.4667455374,Upgrade,477733.327876186,FALSE,83524745.2458969
53,195,14,1.14061110871373,0.599329316566073,0.606866121348732,0.0571375969786848,119020,CMR,CMR,97030.1541764743,147.1,48.5465669612509,100,71.412,0,0,147.1,71.412,29225.453125,55250.76171875,85.1002525531689,539231.904002151,37409.4939595234,Upgrade,456549.678721821,FALSE,54338542.7614711
64,196,239,153.606447398724,95.1915226492598,116.673798379648,2.18640944493327,81531.5,COD,COD,64689.8587098627,64.7,75.6088098918084,100,48.9189,0,0,64.7,48.9189,71940.953125,90114.8203125,205.947919315887,647282.977596522,44931.7033767307,Mixed Works,348454.00293946,FALSE,28409977.5406586
58,61,627.5,1438.36241286929,773.744653113492,955.122591691769,3.1578683256011,110478,CMR,CMR,90832.7570063515,102.25,64.8281662591687,100,66.2868,0,0,102.25,66.2868,25856.1640625,43723.515625,72.7572085884519,524420.819129227,36375.8805219524,Mixed Works,282313.207631233,FALSE,31189398.5526834
103,197,8.33333333333333,720.495281560602,614.545346021941,746.940933377207,2.85763114101551,86617,EGY,EGY,74924.0555211722,66.35,78.3273549359458,100,51.9702,0,0,66.35,51.9702,24820.365234375,4952188,9883.93163374881,791331.757638545,54953.1217155557,Mixed Works,426000.262862082,FALSE,36898864.768325
115,197,18.3333333333333,746.551437241267,634.247653610745,773.191920564082,2.87305973589287,46428.5,EGY,EGY,38638.3109277182,44.1,63.1680272108844,100,27.8571,0,0,44.1,27.8571,22452.310546875,1370279.375,5051.49819899327,824385.97588999,57248.0628952306,Mixed Works,443794.450354111,FALSE,20604710.6382658
128,160,19,25.9231863979602,20.0899607493807,28.3447705415369,1.4136883826152,99541,EGY,EGY,72000.4092459524,67.9,87.959646539028,100,59.7246,0,0,67.9,59.7246,78986.1484375,539734.4375,1104.05163108272,754748.891643634,52409.0842152864,Asphalt Mix Resurfacing,178623.90435566,FALSE,17780402.0634668
128,198,44.3333333333333,306.422992210875,271.215754393347,362.800296791492,2.48632134913184,81125,EGY,EGY,68790.4019581754,61.25,79.4693877551021,100,48.675,0,0,61.25,48.675,36384.8671875,520715.25,1123.15211650978,688714.90237811,47823.8059505355,Mixed Works,370758.189113548,FALSE,30077758.0918366
131,198,17,169.156759097337,145.529387950133,197.877650055507,2.22828935583389,83813.5,EGY,EGY,75627.4354354835,67.6,74.3906804733728,100,50.2881,0,0,67.6,50.2881,12265.73828125,954550.4375,1887.62072916419,631719.670560843,43867.4466840127,Mixed Works,340075.755985254,FALSE,28502939.3742701
69,199,639,320.611736790213,224.583169734792,233.80783722201,2.50597941673904,198229.5,AGO,AGO,170979.930321288,179.8,66.15,100,118.9377,0,0,179.8,118.9377,90475.703125,147499.171875,127.034618256715,638727.359052572,44326.5136145414,Mixed Works,343848.228289968,FALSE,68160862.3698062
200,201,1417.5,517.411009964372,330.217685511646,384.774658854505,2.71383566581056,135500,COD,RWA,77976.7346247406,98.5,82.5380710659899,100,81.3,2257262.375,7248.249975,7346.749975,7329.549975,257560.0625,608037.75,1165.42568230114,873769.994603537,60674.0483387485,Asphalt Mix Resurfacing,206077.345441219,FALSE,27923480.3072852
125,138,755,308.177026651377,205.500501528165,241.829260967898,2.48880026069516,102201,UGA,RWA,76467.4074049963,74.65,82.1441393168118,100,61.3206,546909.40625,3300.249975,3374.899975,3361.570575,436143.78125,795674.4375,1546.24111213256,953403.726060714,66204.9537437773,Asphalt Mix Resurfacing,206077.345441219,FALSE,21061310.781438
132,166,874,153.54077647256,101.364691748214,113.309046762734,2.18622373255125,153957.5,KEN,KEN,107189.70875416,142.15,64.9838199085473,100,92.3745,0,0,142.15,92.3745,103080.78125,579533.3125,802.535531679435,758430.185338354,52663.1882624721,Mixed Works,408288.249773813,FALSE,62859038.2145518
150,202,149,52.1984519340165,34.7616678617295,39.944265182043,1.71765762318457,204807,ETH,DJI,174600.426875199,189.05,65.0008992330071,100,122.8842,959933.03125,3488.581725,3677.631725,3611.465925,108660.6640625,27017.3984375,22.1621470360542,564603.719447542,39061.7817570898,Mixed Works,303945.002302593,FALSE,62250064.0865872
67,204,80,320.55358572936,244.288738102992,268.55357844656,2.50590063928796,114742.5,AGO,AGO,108779.462678012,92.9,74.1071044133477,100,68.8455,0,0,92.9,68.8455,10256.0361328125,5456588.5,7357.76785217974,694072.490962631,48198.9217596635,Mixed Works,373642.357634882,FALSE,42872658.2209205
123,201,669.6,152.246592935835,91.2030465400155,104.176258929323,2.18254758251527,79452.5,COD,RWA,46425.7382602074,61.55,77.4516653127539,100,47.6715,2257262.375,7248.249975,7309.799975,7295.921475,310236.5625,443496.5625,1370.5233798756,905887.53517382,62904.9565391902,Mixed Works,468753.398433196,FALSE,37243629.3890135
102,103,22.5,1216.09094603441,992.774597273796,1496.4930514267,3.08496605510443,219299.5,EGY,EGY,181586.167220144,145.55,90.40171762281,100,131.5797,0,0,145.55,131.5797,16733.64453125,5591285.5,4603.4581850021,707310.154482544,49117.8538873686,Asphalt Mix Resurfacing,167396.736560868,FALSE,36710020.6294301
74,78,31,2.88344172099732,2.18563304929127,3.11354579127436,0.459911178044452,108297.5,NAM,NAM,104472.25449482,76.75,84.6625407166124,100,64.9785,0,0,76.75,64.9785,125707.234375,29902.53515625,42.6946978030937,606413.035790182,42029.2247006875,Asphalt Mix Resurfacing,143517.751803676,FALSE,15542613.7259586
72,92,24,3.19247867736887,2.14469738009645,2.9720189732249,0.504128005283311,89720,NAM,NAM,77974.6256678441,57.05,94.3593339176161,100,53.832,0,0,57.05,53.832,301606.53125,21930.611328125,41.6776818314707,672215.948305764,46587.6766098879,Asphalt Mix Resurfacing,159091.107765697,FALSE,14273654.1887383
79,93,53,10.8687525386389,9.01305586308408,12.6905052047218,1.03617970078594,210466,NAM,NAM,198447.342580836,133.8,94.3793721973094,100,126.2796,0,0,133.8,126.2796,77567.9375,77939.234375,57.7621508488878,586872.859242198,40695.6430639972,Asphalt Mix Resurfacing,138893.243353987,FALSE,29232305.3557402
206,207,346,266.786558586549,206.731332889203,296.874524495471,2.4261639448894,84859,ZWE,ZWE,79018.6278818969,61.4,82.9241042345277,100,50.9154,0,0,61.4,50.9154,94106.234375,115166,218.01648217221,671712.744699656,46628.5769269618,Asphalt Mix Resurfacing,158972.016245585,FALSE,13490206.3265841
114,146,176.384615384615,320.058108390877,230.897211355404,299.419707981543,2.50522883414018,198443.5,SDN,SDN,172558.613770605,147.05,80.9698061883713,100,119.0661,0,0,147.05,119.0661,9193.525390625,1130627,980.665971767347,577222.990189707,40081.45740189,Asphalt Mix Resurfacing,136609.441011564,FALSE,27109255.6073783
128,197,11.8,17.0632380518606,13.4984337416296,18.5169477720677,1.23206144972802,89850,EGY,EGY,68721.1069193562,74.4,72.4596774193548,100,53.91,0,0,74.4,53.91,31416.248046875,1053505.375,2310.40095878836,719443.628357141,49959.5254257352,Mixed Works,387300.486598926,FALSE,34798948.7209135
82,208,13,7.51287766552118,6.54903565482153,9.30890297417592,0.875806317147803,169035,ZAF,ZAF,153111.376933879,119.9,84.5879899916597,100,101.421,0,0,119.9,101.421,91909.1484375,6936.529296875,6.70664104468935,503959.270098195,34586.1595285549,Asphalt Mix Resurfacing,119270.360589906,FALSE,20160865.4023148
83,208,37,94.0581813728561,82.4373797065811,125.605221252029,1.97339657735107,164589,ZAF,ZAF,156442.431045671,104.7,94.3203438395415,100,98.7534,0,0,104.7,98.7534,152756.984375,6007.74658203125,5.68545772776441,529206.451139915,36247.791580839,Asphalt Mix Resurfacing,125245.52676978,FALSE,20614036.0055113
83,209,37,94.0581813728561,82.4373797065811,125.605221252029,1.97339657735107,73111.5,ZAF,ZAF,72539.2551683903,45.8,95.7792576419214,100,43.8669,0,0,45.8,43.8669,71340.75,8586.78515625,17.6839895965306,527089.410321348,36432.6870031538,Asphalt Mix Resurfacing,124744.493776052,FALSE,9120257.05670782
209,210,64.0769230769231,126.707799342378,108.935320648514,164.614333930657,2.10280334816763,226152.5,ZAF,ZAF,211080.339711102,147.8,91.8075101488498,100,135.6915,0,0,147.8,135.6915,96532.3046875,155349.265625,107.971105789075,634952.210490541,44059.3639836689,Asphalt Mix Resurfacing,150272.023149428,FALSE,33984393.715301
97,116,6.6,0.489875368798032,0.386173374711674,0.520396728008326,-0.30991439655923,77493.5,ZAF,ZAF,66072.5679934648,56.25,82.6597333333333,100,46.4961,0,0,56.25,46.4961,153262.46875,1393886.375,3131.92395113773,892928.919030148,62007.2700871308,Asphalt Mix Resurfacing,206077.345441219,FALSE,15969654.7689491
97,117,27,80.7922017216446,66.4753192884556,94.9060448380954,1.90736944353818,136737,ZAF,ZAF,124926.062087083,93.8,87.4650319829424,100,82.0422,0,0,93.8,82.0422,102795.28125,1117946,1304.87489427605,790127.665073873,54866.4039772578,Asphalt Mix Resurfacing,186996.880734149,FALSE,25569392.4809453
84,209,25,31.3881971203171,25.481697238093,37.4925446770804,1.49676637134885,94111,ZAF,ZAF,84549.0796057107,68.1,82.9171806167401,100,56.4666,0,0,68.1,56.4666,198564.15625,23357.3046875,41.5734061633739,639195.515599942,44298.9864933422,Asphalt Mix Resurfacing,151276.272025319,FALSE,14236761.2365748
119,212,19.6388888888889,27.9097671435844,19.8887636677306,26.0111344906196,1.44575621310353,367769.5,ZAF,ZAF,269541.223358536,335.4,65.7906082289803,100,220.6617,0,0,335.4,220.6617,453279.3125,83228.9140625,41.7425993687007,705985.757806494,48928.232267905,Mixed Works,380055.666285828,FALSE,139772882.362106
115,130,1,26.1606231223938,20.2908454344079,25.4911478091904,1.41764808427739,58343,EGY,EGY,51042.1119788333,43.7,80.1048054919909,100,35.0058,0,0,43.7,35.0058,7625.20458984375,1273923.5,3619.714159432,630632.78308013,43792.9150315267,Asphalt Mix Resurfacing,149249.758662297,FALSE,8707678.66963439
2,3,81.5,131.308130001268,94.7486357833232,107.802329897072,,144973.5,,,,116.85,,,86.9841,0,0,116.85,,,,,,,,,,29757930.9302013
3,4,169.571428571429,130.885589409005,99.8777136162697,119.494734892184,,1069871,,,,937.15,,,641.9226,874810.634375,2629.075725,3566.225725,,,,,,,,,,324346406.995616
2,5,43.5,23.9060219282114,17.6954311794498,17.1532190881391,,532728,,,,635.5,,,319.6368,1159498.125,2481.384135,3116.884135,,,,,,,,,,194593877.512712
5,6,176.666666666667,23.7912024353347,17.3340732457202,21.6053378491984,,1267667.5,,,,976.25,,,760.6005,746351.46875,1953.821175,2930.071175,,,,,,,,,,297471067.642205
7,8,672.221428571429,300.037578287485,114.197421812217,125.218006707342,,925735.5,,,,731.3,,,555.4413,0,0,731.3,,,,,,,,,,303467576.193447
3,9,211.411764705882,113.129659513217,82.6187339855485,97.7740935400264,,1906448,,,,1686,,,1143.8688,3975267.21875,14166.14148,15852.14148,,,,,,,,,,561445800.935316
4,11,781.5,575.200858511176,426.715984007338,563.996479547805,,371395.5,,,,265.6,,,222.8373,0,0,265.6,,,,,,,,,,58260824.1881574
11,12,279.5,185.210903847316,139.431299056943,186.740480511563,,202278,,,,156.65,,,121.3668,684707.353125,4722.524205,4879.174205,,,,,,,,,,61383265.7856646
12,13,451.4,333.773215340502,251.702516015949,333.259023449738,,426874.5,,,,305.75,,,256.1247,0,0,305.75,,,,,,,,,,65248398.1331831
13,14,471.5,504.35010136006,384.290450356119,499.341675738102,,206057,,,,145.05,,,123.6342,0,0,145.05,,,,,,,,,,28187133.4320821
8,15,209.75,179.647217740127,110.566435400843,151.642674129593,,402251,,,,299.25,,,241.3506,0,0,299.25,,,,,,,,,,105532459.97586
11,16,964,497.163130162746,366.354522050702,480.79780739728,,177962,,,,130.2,,,106.7772,536718.759375,3337.916625,3468.116625,,,,,,,,,,39976309.7192583
16,17,1298.7,534.445024848433,391.966042978091,520.058524304457,,355843.5,,,,256.75,,,213.5061,0,0,256.75,,,,,,,,,,49579610.9687729
16,18,132,130.747901853698,96.1327944923204,121.718338256128,,653774,,,,535.3,,,392.2644,774799.09375,3649.74999,4185.04999,,,,,,,,,,156573541.985207
19,20,492,914.500345311774,697.116306903137,892.905908674952,,250484.5,,,,188.55,,,150.2907,0,0,188.55,,,,,,,,,,64591428.2218542
20,21,1048.30555555556,1773.54016790334,1388.41430588636,1747.45843531424,,197750,,,,159.95,,,118.65,0,0,159.95,,,,,,,,,,46467637.4939435
17,22,794,323.062575523519,238.731477718771,314.559693249465,,137718,,,,99.8,,,82.6308,0,0,99.8,,,,,,,,,,19372522.6018943
23,24,555.333333333333,444.760854752403,323.349254718491,430.365440702762,,296244.5,,,,218.75,,,177.7467,850840.78125,4121.49999,4340.24999,,,,,,,,,,50190837.3060712
24,25,562.666666666667,564.135395573099,408.295682953483,533.930269466803,,270938,,,,225.3,,,162.5628,685711.8125,3855.50001,4080.80001,,,,,,,,,,61733058.1972975
25,26,113,391.062993072928,276.906303651597,368.961735164887,,230341,,,,176.55,,,138.2046,0,0,176.55,,,,,,,,,,60115933.0218679
27,28,696.10625,267.24779556158,83.2371151276047,77.2955986790433,,1487598.5,,,,2170.55,,,892.5591,732254.25,3534.56034,5705.11034,,,,,,,,,,670102956.750046
28,29,102.494444444444,121.902051970276,49.4628185099252,55.8111004155717,,738744,,,,621.05,,,443.2464,0,0,621.05,,,,,,,,,,245851371.543488
26,31,1445.5,2984.64799143517,2363.10585982227,3038.94711956029,,123249.5,,,,91.2,,,73.9497,1193822,4878.07176,4969.27176,,,,,,,,,,15805279.2123085
25,32,426.5,251.067116414384,187.016807018867,229.230577270348,,213087.5,,,,219.75,,,127.8525,1193822,4878.07176,5097.82176,,,,,,,,,,92274094.315879
35,36,1211.5625,2084.35225228544,1466.79705191941,1918.38104894066,,352888.5,,,,254.95,,,211.7331,0,0,254.95,,,,,,,,,,48024086.555181
39,40,339.545454545455,105.051463343141,81.5295753928281,96.2641784327892,,801964.5,,,,795.2,,,481.1787,1803492.125,8261.82177,9057.02177,,,,,,,,,,220919880.970969
40,41,384,470.064457902408,344.605503282239,466.506005540263,,279751.5,,,,200.15,,,167.8509,0,0,200.15,,,,,,,,,,40518796.7445231
39,43,758.25,135.684286934293,101.084205058791,133.578927838829,,708954.5,,,,531.55,,,425.3727,619027.784375,3428.75001,3960.30001,,,,,,,,,,145236328.730786
43,44,453.5,89.4827951765728,68.690356528067,91.1923280465643,,508159.5,,,,372.9,,,304.8957,1203179.659375,4923.07176,5295.97176,,,,,,,,,,110769616.5712
45,46,92,64.3113044622834,45.9318359083933,56.4896607947256,,214580,,,,179.1,,,128.748,0,0,179.1,,,,,,,,,,49156083.6634089
48,54,662.25,772.064583445881,445.535222565153,551.278032659641,,171867,,,,165.65,,,103.1202,0,0,165.65,,,,,,,,,,74997389.8263883
54,55,1090,1186.28305014015,677.80765130745,845.940584076883,,265042.5,,,,190.9,,,159.0255,0,0,190.9,,,,,,,,,,49382658.0257511
58,59,586.514285714286,227.533313369941,125.053868494586,147.754259512327,,1128076.5,,,,1004.6,,,676.8459,4443962.8125,14048.49975,15053.09975,,,,,,,,,,174953601.551757
59,60,183.944444444444,108.898592402717,64.5930313064093,78.3167882123909,,195722.5,,,,142.05,,,117.4335,0,0,142.05,,,,,,,,,,33904441.8708252
61,62,614.622222222222,1073.56213788478,577.971033202638,705.290459457533,,1592424.5,,,,1207.65,,,955.4547,5666227.8125,22140.4995,23348.1495,,,,,,,,,,224969228.476128
66,67,171,759.234229415308,485.145489236661,510.485528827434,,333336,,,,345.05,,,200.0016,0,0,345.05,,,,,,,,,,140865524.306821
68,69,466.333333333333,159.286547079426,110.495232438649,111.639462080198,,312209,,,,304.45,,,187.3254,0,0,304.45,,,,,,,,,,119254762.363084
69,70,275.25,76.7962839337793,53.7614758710841,52.8272584309263,,428116,,,,463.5,,,256.8696,0,0,463.5,,,,,,,,,,196292015.514117
70,71,231.5,47.3362575926345,33.6006495750092,40.4531135322613,,914639,,,,785.5,,,548.7834,1204687.5,3567,4352.5,,,,,,,,,,238727057.591965
80,81,13.6666666666667,4.70467977026864,3.84631940688153,5.61069326128798,,818994.5,,,,548.5,,,491.3967,1050312.5,2875.5,3424,,,,,,,,,,101888592.946751
80,82,17.3333333333333,1.29123642636467,1.02754572654384,1.43355642114632,,685252,,,,488,,,411.1512,1050312.5,2875.5,3363.5,,,,,,,,,,89491264.1561634
84,85,30.8333333333333,40.0560798109969,32.6424841216816,48.0733944055875,,292788,,,,215.75,,,175.6728,0,0,215.75,,,,,,,,,,58384126.5204214
77,87,640.236111111111,628.004968570161,405.892627607278,466.463955952482,,844761.5,,,,688.25,,,506.8569,0,0,688.25,,,,,,,,,,209569654.515697
87,88,1296.25,898.51242318363,591.753529561088,644.692790973236,,425000.5,,,,436.25,,,255.0003,0,0,436.25,,,,,,,,,,187071137.048329
88,89,340,195.34954216493,129.129430797562,150.703405737838,,830305.5,,,,711.9,,,498.1833,0,0,711.9,,,,,,,,,,244561972.069921
89,90,583.571428571429,287.487735703881,199.141558969547,243.077177612553,,585603.5,,,,456.15,,,351.3621,2391153.75,8142,8598.15,,,,,,,,,,184998120.104418
90,91,824.333333333333,340.075900449092,241.228045746597,301.307988831727,,208418.5,,,,170.65,,,125.0511,0,0,170.65,,,,,,,,,,49191230.799186
94,95,107,35.7392866215467,28.405980190021,37.5469717989479,,609887.5,,,,445,,,365.9325,0,0,445,,,,,,,,,,63120496.4502815
96,97,48.5,138.426000550938,113.302361013616,130.643207141875,,122803.5,,,,120.55,,,73.6821,0,0,120.55,,,,,,,,,,64992568.765803
43,98,111,10.0578637102258,7.60738709491403,9.84020795171383,,539944,,,,499.85,,,323.9664,0,0,499.85,,,,,,,,,,151824829.107362
98,99,3,0.0797099877593823,0.0579947346040057,0.0570237490370673,,2357345,,,,2508.7,,,1414.407,779898.315625,3200.42856,5709.12856,,,,,,,,,,765123188.163901
99,100,214,115.205554228498,90.0313177869274,137.663825556476,,801405.5,,,,457.15,,,448.5783,0,0,457.15,,,,,,,,,,38456927.8067634
100,101,226.444444444444,199.605159886434,162.241444395229,245.618405772573,,497204.5,,,,378.05,,,298.3227,1010610.125,4854.42855,5232.47855,,,,,,,,,,84702405.571708
97,104,91.5,103.332511067874,86.8595333765254,124.594522194598,,285410.5,,,,200.35,,,171.2463,0,0,200.35,,,,,,,,,,44828557.7482242
105,106,72.5833333333334,89.4734316048419,73.3121397638666,104.243702216032,,250316.5,,,,180.85,,,150.1899,0,0,180.85,,,,,,,,,,68642566.4264389
44,110,452.666666666667,165.159519149645,127.313291685363,169.838976477754,,315300.5,,,,234.25,,,189.1803,0,0,234.25,,,,,,,,,,90235938.4217792
110,111,395.130952380952,161.171568822032,125.882549775403,168.677411962516,,312986,,,,222,,,187.7916,0,0,222,,,,,,,,,,37363403.3085832
111,112,210.4,85.5930639959728,64.221109830753,79.1191525795108,,1447195,,,,1393.2,,,868.317,2976964.375,13528.07175,14921.27175,,,,,,,,,,613605313.385819
112,113,298.1,80.0798517930953,56.4724538567218,62.5599476650362,,1110434,,,,935.85,,,666.2604,0,0,935.85,,,,,,,,,,276203626.40509
102,115,9,114.178088835167,93.0212853941637,108.97732522514,,180869,,,,156.55,,,108.5214,0,0,156.55,,,,,,,,,,65678849.6951142
118,119,46.3295454545455,90.2141405919193,73.8445132749891,105.035621992201,,198201,,,,137.55,,,118.9206,0,0,137.55,,,,,,,,,,33395711.001313
111,121,196.166666666667,34.2269593880604,24.1926758745752,27.1502065164595,,588458.5,,,,548.6,,,353.0751,3667667.5,15214.07175,15762.67175,,,,,,,,,,180683980.016416
121,122,166.75,23.6236270166116,16.6582914903437,15.4454766586001,,483215.5,,,,542.45,,,289.9293,1100245.53125,5864.35725,6406.80725,,,,,,,,,,164303800.770757
122,123,353.315018315018,106.790118589261,63.4366128705108,56.9474158734115,,2015040.5,,,,2443.1,,,1209.0243,2523743.03125,8315.35725,10758.45725,,,,,,,,,,764752799.689685
125,126,832.25,342.148231351665,228.97213524936,266.729976522084,,275594,,,,209.05,,,165.3564,0,0,209.05,,,,,,,,,,68211070.3160742
127,132,1002.2,412.062410738761,289.635091583475,337.045485443972,,517238,,,,443.75,,,310.3428,729394.53125,3698.25,4142,,,,,,,,,,198843193.496862
113,134,546,61.7254782858926,39.6065067565777,46.8339342682053,,425169.5,,,,311.2,,,255.1017,0,0,311.2,,,,,,,,,,73075455.5141741
134,135,532.851851851852,96.9360761088443,64.722170059332,76.1809249221585,,949891,,,,756.7,,,569.9346,1288437.5,5129.581725,5886.281725,,,,,,,,,,208041670.435376
141,142,485.6,169.783875062086,119.500501168987,137.24074164373,,570456,,,,438.85,,,342.2736,0,0,438.85,,,,,,,,,,125308454.025874
142,143,135.5,131.823014517894,95.9727531090839,109.101970289052,,264208.5,,,,269.25,,,158.5251,0,0,269.25,,,,,,,,,,132580116.745225
146,147,433.2,275.483626349283,188.375814300807,238.81743253676,,588532.5,,,,433.85,,,353.1195,1288437.5,5129.581725,5563.431725,,,,,,,,,,84274027.7363899
148,149,258.507142857143,100.854465959946,67.8831761329058,81.0472249691564,,643121.5,,,,506.6,,,385.8729,0,0,506.6,,,,,,,,,,181708027.76375
135,152,348.037037037037,46.5908923171707,30.6689053292275,34.9486653349779,,276901,,,,304.6,,,166.1406,0,0,304.6,,,,,,,,,,153071000.469422
152,153,1157.33333333333,361.325119797945,249.997923359989,298.734820012484,,202162.5,,,,146.8,,,121.2975,0,0,146.8,,,,,,,,,,35379356.3897092
153,154,261.964285714286,106.881035352726,76.0950722859838,85.1105868597608,,1081694.5,,,,967.05,,,649.0167,1035468.75,3146.581725,4113.631725,,,,,,,,,,321124773.743577
4,5,279.666666666667,58.7809889817447,40.9299378058566,52.9262187152954,,1443864,,,,1104.85,,,866.3184,853437.509375,2800.64166,3905.49166,,,,,,,,,,222133259.377044
9,13,129.5,39.2783174300753,30.4395063983588,36.2315896676741,,218910.5,,,,206.65,,,131.3463,0,0,206.65,,,,,,,,,,65033283.254692
4,155,341.066666666667,55.0080573723639,41.4754643546257,53.3209915015094,,432098,,,,311.65,,,259.2588,0,0,311.65,,,,,,,,,,65141992.8337317
155,156,25.1428571428571,2.85351265022172,2.07918669098223,2.68626076826907,,2337744.5,,,,2728.8,,,1402.6467,839340.290625,4381.380825,7110.180825,,,,,,,,,,719276600.668987
156,157,10.5,0.15054650239895,0.112551712153303,0.11597510125552,,668023.5,,,,556.8,,,400.8141,0,0,556.8,,,,,,,,,,167579641.975406
29,157,26.5555555555556,14.40291108204,10.8895301779006,13.2571455094506,,562739,,,,474.45,,,337.6434,0,0,474.45,,,,,,,,,,216123685.506744
28,157,397.071428571429,83.4590251402577,30.9155490023579,28.8962165093226,,568340.5,,,,552.85,,,341.0043,0,0,552.85,,,,,,,,,,162198917.920306
157,158,59.5,9.46024816276673,3.95122924957991,3.91283524307116,,1484896,,,,1243.5,,,873.9691,968179.5625,4542.64275,5786.14275,,,,,,,,,,341058927.152866
99,158,249.333333333333,96.7501151489438,73.2573961488749,110.669614245364,,271669.5,,,,167.15,,,163.0017,0,0,167.15,,,,,,,,,,29829783.5077449
100,159,33.7314285714286,91.8210063706878,73.6799674448911,102.307922883591,,1588641.5,,,,1137.9,,,953.1849,1010610.125,4854.42855,5992.32855,,,,,,,,,,257326142.080616
114,159,161.777777777778,353.951609493315,276.747912593732,384.855641590848,,1355139,,,,983.4,,,813.0834,1505677.09375,6615,7598.4,,,,,,,,,,220296686.235232
162,163,95.8018759018759,58.3717424128442,46.2956308515136,65.334262272655,,345552.5,,,,244.8,,,207.3315,0,0,244.8,,,,,,,,,,56612874.0341543
163,164,144.056018518519,76.3916834014119,57.5151872090009,79.6624815654535,,1609966.5,,,,1166.5,,,965.9799,3058177.09375,12575.7908625,13742.2908625,,,,,,,,,,244055836.851517
136,148,413.075396825397,220.234254732729,150.144015446172,186.894357754177,,546080,,,,466.75,,,327.648,0,0,466.75,,,,,,,,,,224334443.347136
153,166,1422.11111111111,423.17157825507,292.991985905691,348.882811468209,,908319,,,,794.5,,,544.9914,780312.5,3541.831725,4336.331725,,,,,,,,,,215141834.52287
149,164,161.375,72.1165202891742,48.0926863280062,65.2232002024689,,1265062,,,,911.45,,,759.0372,1024375,4298.3725875,5209.8225875,,,,,,,,,,216554569.916607
12,16,275,102.071105827435,75.7490177514669,101.018757535985,,189026,,,,157.9,,,113.4156,652676.09375,5112.10758,5270.00758,,,,,,,,,,57262225.8050277
19,168,80.9166666666667,41.8962577794114,31.7565600897617,35.2905027867619,,414136.5,,,,380.8,,,248.4819,922787.6875,5034.35757,5415.15757,,,,,,,,,,122710376.565999
20,168,623.171428571429,1004.51913256657,768.746780914216,953.342304089395,,435383.5,,,,363.2,,,261.2301,922787.6875,5034.35757,5397.55757,,,,,,,,,,134064031.196793
21,26,1207.5,1991.75846222529,1564.19543372829,1960.54955080584,,161041.5,,,,149.6,,,96.6249,879781.71875,3306,3455.6,,,,,,,,,,57138948.6986907
11,155,120.777777777778,20.9177656138027,15.6646294800815,20.5794261461608,,265205.5,,,,219.2,,,159.1233,0,0,219.2,,,,,,,,,,47455259.9023835
33,40,477.145833333333,771.900420249278,591.569702077294,808.985759840553,,284413.5,,,,206,,,170.6481,0,0,206,,,,,,,,,,49260358.153685
169,170,402,351.115529352036,279.745202049094,379.385197138587,,309946,,,,222.25,,,185.9676,0,0,222.25,,,,,,,,,,43841416.6476935
170,171,405.928571428571,347.939343053705,273.8122523444,368.112928891175,,155391,,,,114.3,,,93.2346,0,0,114.3,,,,,,,,,,26267337.4512893
110,175,125,52.0255432133542,40.2950075238234,53.6296263300596,,137995.5,,,,98.55,,,82.7973,0,0,98.55,,,,,,,,,,20251695.9660607
122,177,286,145.952584185112,86.2696672165092,91.1687110324888,,433970,,,,495.3,,,260.382,1591690.84375,6711.85725,7207.15725,,,,,,,,,,132537686.724187
18,178,209.25,156.204971260065,122.131387553164,155.113176844861,,421208.5,,,,328.7,,,252.7251,0,0,328.7,,,,,,,,,,104436785.094562
21,24,54,17.7535678103511,13.3202730845408,16.4727354893772,,410011.5,,,,303.75,,,246.0069,850840.78125,4121.49999,4425.24999,,,,,,,,,,77023929.0374888
43,169,154.214285714286,72.3907955539099,53.7269113058902,69.8122727133668,,579734.5,,,,419.45,,,347.8407,1203179.659375,4923.07176,5342.52176,,,,,,,,,,92696044.0044812
44,98,56.2,12.5992852047638,9.25412170334472,11.9525333156936,,708690.5,,,,532.9,,,425.2143,1203179.659375,4923.07176,5455.97176,,,,,,,,,,143239868.619919
170,179,133.428571428571,138.240183338726,107.424892134079,138.648874127563,,124807.5,,,,92.3,,,74.8845,0,0,92.3,,,,,,,,,,37145352.5326116
36,180,169.2,197.381265352215,145.248160579965,185.87181597062,,451047,,,,362.45,,,270.6282,0,0,362.45,,,,,,,,,,107559744.129482
171,174,181,96.7439466965785,65.7081385781323,82.7751156771739,,234545,,,,199.05,,,140.727,0,0,199.05,,,,,,,,,,62793938.8965319
173,181,461.833333333333,372.968297686706,243.163921695635,306.621005571329,,341361.5,,,,289.9,,,204.8169,0,0,289.9,,,,,,,,,,84063198.8250044
30,158,259.502916666667,114.167456344639,78.3025572732322,100.029007050615,,1665279.5,,,,1362.25,,,998.8723,1790332.3125,6102.18123,7464.43123,,,,,,,,,,472201235.710659
142,183,258,102.762031347287,72.6656155565418,83.0686969521865,,421594,,,,420.05,,,252.9564,0,0,420.05,,,,,,,,,,193173488.053018
184,185,601.5,243.059626587604,170.106206867154,199.363133159054,,334628.5,,,,368.15,,,200.7771,0,0,368.15,,,,,,,,,,121118083.22086
185,186,290,108.549352841916,77.5145247992217,91.6411511123587,,483539,,,,344.55,,,290.1234,1343750,7047,7391.55,,,,,,,,,,63167735.6062244
90,186,396,134.054829620832,94.7074795586417,113.365232107783,,437083.5,,,,310.5,,,262.2501,0,0,310.5,,,,,,,,,,55527267.9301474
109,185,272.6875,125.98119724423,89.410257156138,112.695198343645,,1468605.5,,,,1137.4,,,881.1633,2675753.71875,11867.341875,13004.741875,,,,,,,,,,337997931.338538
113,187,546.692307692308,144.53521178626,101.985625063739,103.761839403517,,1680752.5,,,,1719.2,,,1008.4515,2542207.03125,13473,15192.2,,,,,,,,,,580224688.468592
183,188,180,136.42654690596,105.023763080726,129.325075134026,,365733.5,,,,308.8,,,219.4401,0,0,308.8,,,,,,,,,,169827180.865034
144,188,484.5,410.893976629313,303.546905068826,361.813611611445,,136983,,,,96.7,,,82.1898,0,0,96.7,,,,,,,,,,17689541.3630498
172,189,140.5,122.030854606743,89.5535004918291,115.573905866573,,375097.5,,,,326.75,,,225.0585,0,0,326.75,,,,,,,,,,102644109.414693
37,47,153.5,275.560373868306,148.118509872274,173.306658369307,,298801.5,,,,263.6,,,179.2809,1944034.6875,7592.57175,7856.17175,,,,,,,,,,102828825.93381
182,189,825.5,1434.23998861683,904.670390328856,1143.9026725843,,169217.5,,,,137.45,,,101.5305,0,0,137.45,,,,,,,,,,35710247.5957039
181,190,310.333333333333,186.637104453528,140.393153953612,184.377851819471,,417035,,,,299.55,,,250.221,0,0,299.55,,,,,,,,,,51091191.848169
111,191,186.333333333333,107.10030851472,77.1925925786753,100.049976043308,,344364.5,,,,248.85,,,206.6187,0,0,248.85,,,,,,,,,,48544782.5366645
175,191,355,96.3039297020703,65.6361271140128,83.2739893294735,,340095.5,,,,244.35,,,204.0573,0,0,244.35,,,,,,,,,,50108942.0234094
191,192,335.333333333333,109.278823070239,73.8853163514296,91.4434121473388,,453963.5,,,,410.8,,,272.3781,1944034.6875,7592.57175,8003.37175,,,,,,,,,,147951534.865588
50,54,72,183.214258579935,122.421727420104,149.998117632817,,214302.5,,,,158.05,,,128.5815,0,0,158.05,,,,,,,,,,33135741.2331134
49,190,159.357142857143,83.9154363094015,51.6596454476569,63.8150751907963,,543181,,,,455.05,,,325.9086,1944034.6875,7592.57175,8047.62175,,,,,,,,,,196491341.66927
159,193,124,324.027216179959,254.022432850351,354.390450993474,,130543.5,,,,101.95,,,78.3261,0,0,101.95,,,,,,,,,,43529714.7750509
163,193,50.6363636363636,49.3011275156123,38.4282232248934,53.5603172380511,,196871,,,,147.55,,,118.1226,0,0,147.55,,,,,,,,,,58909319.4331683
59,196,187,56.6509443939188,36.7219820015285,35.3458277661387,,352262,,,,449.1,,,211.3572,4896015,16563.99975,17013.09975,,,,,,,,,,160550081.237438
56,176,184.5,93.6364397248555,54.2671083379596,62.8732712539004,,324953,,,,232.05,,,194.9718,0,0,232.05,,,,,,,,,,45590864.8913078
121,192,120.5,18.9667676884317,12.0148600228511,12.5728234970185,,400155.5,,,,293,,,240.0933,1723632.8125,7621.5,7914.5,,,,,,,,,,67297997.222541
112,121,89.5166666666667,10.3729512943324,7.16155470622142,7.47623084145423,,1110067.5,,,,1374.45,,,666.0405,1524375,6783,8157.45,,,,,,,,,,382082044.465314
161,193,73.3333333333333,390.856279934039,309.213092249469,430.008595414826,,519429.5,,,,367,,,311.6577,0,0,367,,,,,,,,,,62780207.5393825
60,196,194.333333333333,158.427373218774,90.8225113145295,103.738634042624,,399049,,,,329.1,,,239.4294,4896015,16563.99975,16893.09975,,,,,,,,,,115620461.316352
63,76,362.5,647.112668588847,424.601582221119,459.921444398403,,106830,,,,75.75,,,64.098,0,0,75.75,,,,,,,,,,15849299.1400635
89,199,377.1875,109.204862270666,79.5275712431304,88.2696190772626,,1198165,,,,1116.2,,,718.899,2838028.75,8184,9300.2,,,,,,,,,,427506919.294385
88,200,1280.70186335404,534.580651225848,346.117085948366,389.572981227981,,999583,,,,889.35,,,599.7498,0,0,889.35,,,,,,,,,,352908255.059706
138,201,1047.90476190476,462.702413956047,302.408925019997,355.840627746335,,109417,,,,79.9,,,65.6502,0,0,79.9,,,,,,,,,,35183871.0832149
139,200,425.111111111111,176.85568433885,120.327616538986,134.609031942436,,288128.5,,,,275.4,,,172.8771,2579412.65625,8335.250025,8610.650025,,,,,,,,,,151204770.80346
165,202,468.375,115.631924840391,78.9289227211205,87.4947828795003,,395053,,,,375.15,,,237.0318,0,0,375.15,,,,,,,,,,159353289.855857
167,203,306,132.993056059059,102.959006654752,98.9374376955416,,729302,,,,892.1,,,437.5812,1055468.75,3221.25,4113.35,,,,,,,,,,199536974.793524
154,203,290.5,189.068395565469,144.258541815425,140.373871661457,,455636.5,,,,440.45,,,273.3819,0,0,440.45,,,,,,,,,,155080569.156286
70,204,144.625,88.0789449189554,66.3233197825733,68.3734445883756,,606211,,,,611.45,,,363.7266,0,0,611.45,,,,,,,,,,232372972.01858
69,204,240.333333333333,304.519346526471,223.443922393541,243.663715755595,,269753.5,,,,198.35,,,161.8521,0,0,198.35,,,,,,,,,,63233751.2837457
87,199,396.5,217.266012158288,147.997887245108,147.056416422035,,673463,,,,780.05,,,404.0778,2838028.75,8184,8964.05,,,,,,,,,,346234502.031728
123,187,196.428571428571,28.9739068837078,18.8265640015494,20.5758926122664,,633632.5,,,,598.95,,,380.1795,2368829.53125,7728,8326.95,,,,,,,,,,236053260.926033
143,184,338,164.371726785482,116.607435985733,136.555247042211,,303937,,,,236.35,,,182.3622,0,0,236.35,,,,,,,,,,74582630.9039358
137,188,362.5,221.89972668448,153.363193046328,170.524090447388,,240186.5,,,,187.15,,,144.1119,1392343.75,6551.25,6738.4,,,,,,,,,,58264572.1170921
137,203,150.666666666667,103.340757498784,76.0827072432146,74.6298286822227,,705955,,,,866.35,,,423.573,1055468.75,3221.25,4087.6,,,,,,,,,,231220251.63701
68,76,223.8,223.367169742118,153.564596701565,149.895868484301,,409686,,,,489.75,,,245.8116,2838028.75,8184,8673.75,,,,,,,,,,193608264.475519
92,107,225.56,37.0234423470288,25.042277458117,32.5116950638254,,1396588.5,,,,998.1,,,837.9531,1170601,3780.346152,4778.446152,,,,,,,,,,264650966.082099
94,205,30.6111111111111,3.78139616888436,2.94403867682586,3.77602350267923,,834706.5,,,,642.7,,,500.8239,0,0,642.7,,,,,,,,,,109622430.864581
205,206,143,25.5810207214638,19.4520513211299,26.4942771083659,,282141,,,,204.3,,,169.2846,570977.59375,3037.673301,3241.973301,,,,,,,,,,39999633.1793074
109,207,339.5,263.878025029909,204.651816622936,294.059630297738,,194208.5,,,,124.6,,,116.5251,0,0,124.6,,,,,,,,,,30049795.6836556
140,186,338.3125,67.2077238179901,46.2028184083259,49.8310999422071,,1273635,,,,1444,,,764.181,1343750,7047,8491,,,,,,,,,,521121639.673117
126,140,410.333333333333,72.6431779605741,47.1059208894628,52.3784155334904,,381090.5,,,,274.45,,,228.6543,1321425.78125,6633,6907.45,,,,,,,,,,55645450.1871698
129,198,44.5,9.9001153154111,7.92453986411935,11.20336418487,,148107,,,,110.85,,,88.8642,0,0,110.85,,,,,,,,,,32861857.5138201
81,86,6.71794871794872,17.2061220936892,14.9558808286849,20.8079662482231,,757818.5,,,,549.55,,,454.6911,0,0,549.55,,,,,,,,,,211179627.134713
81,208,31.8333333333333,97.2577260115819,85.3287943823279,129.449480330902,,539806.5,,,,367.7,,,323.8839,0,0,367.7,,,,,,,,,,85345896.7029825
82,95,62.9789473684211,13.055052118533,11.0635740543009,15.5706041042089,,693610.5,,,,492.5,,,416.1663,850456.75,1782.173076,2274.673076,,,,,,,,,,99810722.4866569
95,205,95.5977272727273,20.6824315843346,16.2441929441114,21.4269597723872,,589370,,,,446.25,,,353.622,0,0,446.25,,,,,,,,,,113601354.463423
108,206,312,94.0279174501781,68.3024552541182,92.1199482995986,,261963.5,,,,200.75,,,157.1781,0,0,200.75,,,,,,,,,,59394011.1476256
97,210,101.095238095238,103.217732898303,88.8633286916777,132.26161135597,,407524.5,,,,319.7,,,244.5147,0,0,319.7,,,,,,,,,,87983981.8211362
104,210,55.3333333333333,61.3903434284048,51.337946315556,77.0951666054805,,345945.5,,,,239.6,,,207.5673,0,0,239.6,,,,,,,,,,50352446.90772
116,211,364,274.150372111008,219.282000913066,322.447824868027,,222905.5,,,,149.2,,,133.7433,0,0,149.2,,,,,,,,,,31557388.9399585
211,212,385.725,254.625301687099,203.006958489498,298.740327960606,,141038.5,,,,112.45,,,84.6231,0,0,112.45,,,,,,,,,,54953660.2770453
207,212,402,276.877614372711,217.379378200845,316.253381650577,,536472.5,,,,353.85,,,321.8835,1008645.84375,4564.500225,4918.350225,,,,,,,,,,81070995.7109103
85,106,28.3,13.2628375280323,9.94254179645091,13.5810168434419,,889640,,,,657.55,,,533.784,0,0,657.55,,,,,,,,,,217892388.917281
106,120,31.75,16.3730183967939,12.6572691327115,16.6462163510277,,573437,,,,460.9,,,344.0622,1025520.84375,2373,2833.9,,,,,,,,,,138794654.572173
141,185,189.333333333333,32.1373154745274,23.8586387737329,23.5110693576497,,695260,,,,968.25,,,417.156,0,0,968.25,,,,,,,,,,353693255.250285
118,211,148,16.4360870667384,12.4014868151908,17.439753287718,,211882,,,,154.85,,,127.1292,0,0,154.85,,,,,,,,,,51440856.4559634
105,118,73.2467532467533,20.5421181433084,15.9877172610551,22.3194157223969,,388925.5,,,,283.9,,,233.3553,0,0,283.9,,,,,,,,,,88508776.7979737
120,145,149.188888888889,37.5317073749405,25.7706871423478,31.988712216276,,3440471,,,,2819.9,,,2064.2826,1373645.84375,5461.5,8281.4,,,,,,,,,,867364896.149786
154,202,202,74.4699446705273,53.3120156577856,53.4666583231786,,1134189.5,,,,1147.85,,,680.5137,1035468.75,3146.581725,4294.431725,,,,,,,,,,374971125.233019
133,137,274,168.121856029171,130.743491041486,162.382661774735,,560538,,,,415.5,,,336.3228,0,0,415.5,,,,,,,,,,100777131.567484
